measured mz, measured rt, matched mz, matched rt
281.246490, 2.856080, 281.247507, 2.884905
281.247375, 2.856080, 281.247507, 2.884905
281.248260, 2.856080, 281.247507, 2.884905
281.246490, 2.877253, 281.247507, 2.884905
281.247375, 2.877253, 281.247507, 2.884905
281.248260, 2.877253, 281.247507, 2.884905
281.246490, 2.898247, 281.247507, 2.884905
281.247375, 2.898247, 281.247507, 2.884905
281.248260, 2.898247, 281.247507, 2.884905
250.153900, 2.961595, 250.155003, 2.981161
250.154648, 2.961595, 250.155003, 2.981161
250.153900, 2.980427, 250.155003, 2.981161
250.154648, 2.980427, 250.155003, 2.981161
250.155396, 2.980427, 250.155003, 2.981161
250.156143, 2.980427, 250.155003, 2.981161
250.153900, 3.003752, 250.155003, 2.981161
250.154648, 3.003752, 250.155003, 2.981161
250.155396, 3.003752, 250.155003, 2.981161
329.209808, 3.495745, 329.211121, 3.512056
329.210938, 3.495745, 329.211121, 3.512056
146.117569, 3.694412, 146.117555, 3.685397
146.117905, 3.694412, 146.117555, 3.685397
146.118240, 3.694412, 146.117555, 3.685397
131.069717, 3.716247, 131.070271, 3.731761
131.070007, 3.716247, 131.070271, 3.731761
131.070282, 3.716247, 131.070271, 3.731761
131.070572, 3.716247, 131.070271, 3.731761
131.070862, 3.716247, 131.070271, 3.731761
131.071136, 3.716247, 131.070271, 3.731761
146.117249, 3.716247, 146.117555, 3.685397
146.117569, 3.716247, 146.117555, 3.685397
146.117905, 3.716247, 146.117555, 3.685397
131.069717, 3.739413, 131.070271, 3.731761
131.070007, 3.739413, 131.070271, 3.731761
131.070282, 3.739413, 131.070271, 3.731761
131.070572, 3.739413, 131.070271, 3.731761
131.070862, 3.739413, 131.070271, 3.731761
131.071136, 3.739413, 131.070271, 3.731761
131.069717, 3.761415, 131.070271, 3.731761
131.070007, 3.761415, 131.070271, 3.731761
131.070282, 3.761415, 131.070271, 3.731761
131.070572, 3.761415, 131.070271, 3.731761
131.070862, 3.761415, 131.070271, 3.731761
131.071136, 3.761415, 131.070271, 3.731761
151.095688, 4.302412, 151.096485, 4.330697
151.096039, 4.302412, 151.096485, 4.330697
151.096390, 4.302412, 151.096485, 4.330697
151.096741, 4.302412, 151.096485, 4.330697
151.097092, 4.302412, 151.096485, 4.330697
151.097443, 4.302412, 151.096485, 4.330697
151.095688, 4.325082, 151.096485, 4.330697
151.096039, 4.325082, 151.096485, 4.330697
151.096390, 4.325082, 151.096485, 4.330697
151.096741, 4.325082, 151.096485, 4.330697
151.097092, 4.325082, 151.096485, 4.330697
151.097443, 4.325082, 151.096485, 4.330697
151.095688, 4.348413, 151.096485, 4.330697
151.096039, 4.348413, 151.096485, 4.330697
151.096390, 4.348413, 151.096485, 4.330697
151.096741, 4.348413, 151.096485, 4.330697
151.097092, 4.348413, 151.096485, 4.330697
151.097443, 4.348413, 151.096485, 4.330697
174.111755, 4.371913, 174.112470, 4.400628
174.112198, 4.371913, 174.112470, 4.400628
174.112625, 4.371913, 174.112470, 4.400628
174.113068, 4.371913, 174.112470, 4.400628
174.111755, 4.394413, 174.112470, 4.400628
174.112198, 4.394413, 174.112470, 4.400628
174.112625, 4.394413, 174.112470, 4.400628
174.113068, 4.394413, 174.112470, 4.400628
174.111755, 4.417412, 174.112470, 4.400628
174.112198, 4.417412, 174.112470, 4.400628
174.112625, 4.417412, 174.112470, 4.400628
174.113068, 4.417412, 174.112470, 4.400628
298.095947, 4.585247, 298.096837, 4.601172
298.096924, 4.585247, 298.096837, 4.601172
298.097900, 4.585247, 298.096837, 4.601172
298.095947, 4.610247, 298.096837, 4.601172
298.096924, 4.610247, 298.096837, 4.601172
298.097900, 4.610247, 298.096837, 4.601172
758.261841, 4.610247, 758.264056, 4.623274
758.265808, 4.610247, 758.264056, 4.623274
741.237000, 4.636082, 741.237507, 4.652279
741.240784, 4.636082, 741.237507, 4.652279
758.261841, 4.636082, 758.264056, 4.623274
758.265808, 4.636082, 758.264056, 4.623274
741.237000, 4.662413, 741.237507, 4.652279
741.240784, 4.662413, 741.237507, 4.652279
168.122345, 4.687413, 168.123034, 4.716093
168.122757, 4.687413, 168.123034, 4.716093
168.123169, 4.687413, 168.123034, 4.716093
168.123581, 4.687413, 168.123034, 4.716093
168.123993, 4.687413, 168.123034, 4.716093
123.054802, 4.713913, 123.055289, 4.724365
123.055061, 4.713913, 123.055289, 4.724365
123.055321, 4.713913, 123.055289, 4.724365
123.055580, 4.713913, 123.055289, 4.724365
123.055832, 4.713913, 123.055289, 4.724365
123.056091, 4.713913, 123.055289, 4.724365
168.122345, 4.713913, 168.123034, 4.716093
168.122757, 4.713913, 168.123034, 4.716093
168.123169, 4.713913, 168.123034, 4.716093
168.123581, 4.713913, 168.123034, 4.716093
168.123993, 4.713913, 168.123034, 4.716093
763.216858, 4.713913, 763.219451, 4.726864
763.220825, 4.713913, 763.219451, 4.726864
123.054802, 4.739078, 123.055289, 4.724365
123.055061, 4.739078, 123.055289, 4.724365
123.055321, 4.739078, 123.055289, 4.724365
123.055580, 4.739078, 123.055289, 4.724365
123.055832, 4.739078, 123.055289, 4.724365
123.056091, 4.739078, 123.055289, 4.724365
168.122345, 4.739078, 168.123034, 4.716093
168.122757, 4.739078, 168.123034, 4.716093
168.123169, 4.739078, 168.123034, 4.716093
168.123581, 4.739078, 168.123034, 4.716093
168.123993, 4.739078, 168.123034, 4.716093
763.216858, 4.739078, 763.219451, 4.726864
763.220825, 4.739078, 763.219451, 4.726864
223.107742, 4.868412, 223.107719, 4.877319
223.108368, 4.868412, 223.107719, 4.877319
223.107101, 4.894752, 223.107719, 4.877319
223.107742, 4.894752, 223.107719, 4.877319
223.108368, 4.894752, 223.107719, 4.877319
282.119965, 4.975247, 282.119680, 5.004335
282.120880, 4.975247, 282.119680, 5.004335
151.095688, 5.185082, 151.096485, 5.209257
151.096039, 5.185082, 151.096485, 5.209257
151.096390, 5.185082, 151.096485, 5.209257
151.096741, 5.185082, 151.096485, 5.209257
151.097092, 5.185082, 151.096485, 5.209257
151.097443, 5.185082, 151.096485, 5.209257
151.095688, 5.210083, 151.096485, 5.209257
151.096039, 5.210083, 151.096485, 5.209257
151.096390, 5.210083, 151.096485, 5.209257
151.096741, 5.210083, 151.096485, 5.209257
151.097092, 5.210083, 151.096485, 5.209257
151.097443, 5.210083, 151.096485, 5.209257
151.095688, 5.235747, 151.096485, 5.209257
151.096039, 5.235747, 151.096485, 5.209257
151.096390, 5.235747, 151.096485, 5.209257
151.096741, 5.235747, 151.096485, 5.209257
151.097092, 5.235747, 151.096485, 5.209257
151.097443, 5.235747, 151.096485, 5.209257
377.143890, 5.688747, 377.145561, 5.721764
377.145264, 5.688747, 377.145561, 5.721764
377.146637, 5.688747, 377.145561, 5.721764
377.143890, 5.716913, 377.145561, 5.721764
377.145264, 5.716913, 377.145561, 5.721764
377.146637, 5.716913, 377.145561, 5.721764
377.143890, 5.743087, 377.145561, 5.721764
377.145264, 5.743087, 377.145561, 5.721764
377.146637, 5.743087, 377.145561, 5.721764
312.128967, 5.930747, 312.130245, 5.959347
312.130035, 5.930747, 312.130245, 5.959347
312.128967, 5.957920, 312.130245, 5.959347
312.130035, 5.957920, 312.130245, 5.959347
312.128967, 5.984580, 312.130245, 5.959347
312.130035, 5.984580, 312.130245, 5.959347
268.103210, 6.220412, 268.104030, 6.233045
268.104034, 6.220412, 268.104030, 6.233045
268.104858, 6.220412, 268.104030, 6.233045
268.103210, 6.246080, 268.104030, 6.233045
268.104034, 6.246080, 268.104030, 6.233045
268.104858, 6.246080, 268.104030, 6.233045
136.061218, 6.548745, 136.061772, 6.565533
136.061523, 6.548745, 136.061772, 6.565533
136.061813, 6.548745, 136.061772, 6.565533
136.062119, 6.548745, 136.061772, 6.565533
136.062424, 6.548745, 136.061772, 6.565533
136.062714, 6.548745, 136.061772, 6.565533
136.060913, 6.572412, 136.061772, 6.565533
136.061218, 6.572412, 136.061772, 6.565533
136.061523, 6.572412, 136.061772, 6.565533
136.061813, 6.572412, 136.061772, 6.565533
136.062119, 6.572412, 136.061772, 6.565533
136.062424, 6.572412, 136.061772, 6.565533
136.062714, 6.572412, 136.061772, 6.565533
136.061218, 6.595583, 136.061772, 6.565533
136.061523, 6.595583, 136.061772, 6.565533
136.061813, 6.595583, 136.061772, 6.565533
136.062119, 6.595583, 136.061772, 6.565533
136.062424, 6.595583, 136.061772, 6.565533
136.062714, 6.595583, 136.061772, 6.565533
298.113464, 6.686333, 298.114595, 6.704581
298.114441, 6.686333, 298.114595, 6.704581
298.115417, 6.686333, 298.114595, 6.704581
298.113464, 6.712255, 298.114595, 6.704581
298.114441, 6.712255, 298.114595, 6.704581
298.115417, 6.712255, 298.114595, 6.704581
298.113464, 6.734912, 298.114595, 6.704581
298.114441, 6.734912, 298.114595, 6.704581
298.115417, 6.734912, 298.114595, 6.704581
477.197327, 6.781085, 477.197990, 6.810220
477.199280, 6.781085, 477.197990, 6.810220
477.197327, 6.803913, 477.197990, 6.810220
477.199280, 6.803913, 477.197990, 6.810220
477.197327, 6.826412, 477.197990, 6.810220
477.199280, 6.826412, 477.197990, 6.810220
162.075958, 7.039582, 162.076084, 7.050004
162.076340, 7.039582, 162.076084, 7.050004
162.076736, 7.039582, 162.076084, 7.050004
162.076736, 7.063912, 162.076084, 7.050004
239.101669, 7.063912, 239.102633, 7.096379
239.103775, 7.063912, 239.102633, 7.096379
239.103775, 7.089583, 239.102633, 7.096379
239.101669, 7.114247, 239.102633, 7.096379
239.102371, 7.114247, 239.102633, 7.096379
239.103073, 7.114247, 239.102633, 7.096379
239.103775, 7.114247, 239.102633, 7.096379
137.045181, 7.166085, 137.045787, 7.199085
137.045486, 7.166085, 137.045787, 7.199085
137.045792, 7.166085, 137.045787, 7.199085
137.046097, 7.166085, 137.045787, 7.199085
137.046402, 7.166085, 137.045787, 7.199085
137.046707, 7.166085, 137.045787, 7.199085
137.045181, 7.191245, 137.045787, 7.199085
137.045486, 7.191245, 137.045787, 7.199085
137.045792, 7.191245, 137.045787, 7.199085
137.046097, 7.191245, 137.045787, 7.199085
137.046402, 7.191245, 137.045787, 7.199085
137.046707, 7.191245, 137.045787, 7.199085
137.045181, 7.217247, 137.045787, 7.199085
137.045486, 7.217247, 137.045787, 7.199085
137.045792, 7.217247, 137.045787, 7.199085
137.046097, 7.217247, 137.045787, 7.199085
137.046402, 7.217247, 137.045787, 7.199085
137.046707, 7.217247, 137.045787, 7.199085
159.027618, 7.217247, 159.027731, 7.224739
159.028000, 7.217247, 159.027731, 7.224739
159.028381, 7.217247, 159.027731, 7.224739
159.027252, 7.245415, 159.027731, 7.224739
159.027618, 7.245415, 159.027731, 7.224739
159.028000, 7.245415, 159.027731, 7.224739
159.028381, 7.245415, 159.027731, 7.224739
166.085587, 7.245415, 166.086255, 7.276065
166.085999, 7.245415, 166.086255, 7.276065
166.086395, 7.245415, 166.086255, 7.276065
166.086807, 7.245415, 166.086255, 7.276065
166.087204, 7.245415, 166.086255, 7.276065
166.085587, 7.270412, 166.086255, 7.276065
166.085999, 7.270412, 166.086255, 7.276065
166.086395, 7.270412, 166.086255, 7.276065
166.086807, 7.270412, 166.086255, 7.276065
166.087204, 7.270412, 166.086255, 7.276065
166.085587, 7.296913, 166.086255, 7.276065
166.085999, 7.296913, 166.086255, 7.276065
166.086395, 7.296913, 166.086255, 7.276065
166.086807, 7.296913, 166.086255, 7.276065
166.087204, 7.296913, 166.086255, 7.276065
130.049210, 7.799247, 130.049870, 7.823551
130.049484, 7.799247, 130.049870, 7.823551
130.049774, 7.799247, 130.049870, 7.823551
130.050049, 7.799247, 130.049870, 7.823551
130.050323, 7.799247, 130.049870, 7.823551
130.050613, 7.799247, 130.049870, 7.823551
217.068314, 7.799247, 217.068259, 7.824694
217.068924, 7.799247, 217.068259, 7.824694
130.049484, 7.824912, 130.049870, 7.823551
130.049774, 7.824912, 130.049870, 7.823551
130.050049, 7.824912, 130.049870, 7.823551
130.050323, 7.824912, 130.049870, 7.823551
130.050613, 7.824912, 130.049870, 7.823551
217.067719, 7.824912, 217.068259, 7.824694
217.068314, 7.824912, 217.068259, 7.824694
217.068924, 7.824912, 217.068259, 7.824694
130.049484, 7.852413, 130.049870, 7.823551
130.049774, 7.852413, 130.049870, 7.823551
130.050049, 7.852413, 130.049870, 7.823551
130.050323, 7.852413, 130.049870, 7.823551
130.050613, 7.852413, 130.049870, 7.823551
217.067719, 7.852413, 217.068259, 7.824694
217.068314, 7.852413, 217.068259, 7.824694
217.068924, 7.852413, 217.068259, 7.824694
209.092560, 7.959087, 209.092069, 7.988698
537.167114, 8.115577, 537.168815, 8.138302
537.169434, 8.115577, 537.168815, 8.138302
269.087006, 8.140580, 269.088046, 8.166580
269.087860, 8.140580, 269.088046, 8.166580
269.088684, 8.140580, 269.088046, 8.166580
537.167114, 8.140580, 537.168815, 8.138302
537.169434, 8.140580, 537.168815, 8.138302
269.087006, 8.165423, 269.088046, 8.166580
269.087860, 8.165423, 269.088046, 8.166580
269.088684, 8.165423, 269.088046, 8.166580
537.167114, 8.165423, 537.168815, 8.138302
537.169434, 8.165423, 537.168815, 8.138302
269.087006, 8.190412, 269.088046, 8.166580
269.087860, 8.190412, 269.088046, 8.166580
269.088684, 8.190412, 269.088046, 8.166580
291.069244, 8.190412, 291.069990, 8.209606
291.070190, 8.190412, 291.069990, 8.209606
291.071136, 8.190412, 291.069990, 8.209606
291.069244, 8.216252, 291.069990, 8.209606
291.070190, 8.216252, 291.069990, 8.209606
291.071136, 8.216252, 291.069990, 8.209606
162.075562, 8.393578, 162.076084, 8.424538
162.075958, 8.393578, 162.076084, 8.424538
162.076340, 8.393578, 162.076084, 8.424538
162.076736, 8.393578, 162.076084, 8.424538
162.075562, 8.418580, 162.076084, 8.424538
162.075958, 8.418580, 162.076084, 8.424538
162.076340, 8.418580, 162.076084, 8.424538
162.076736, 8.418580, 162.076084, 8.424538
189.087357, 8.418580, 189.086983, 8.389783
162.075958, 8.443922, 162.076084, 8.424538
162.076340, 8.443922, 162.076084, 8.424538
162.076736, 8.443922, 162.076084, 8.424538
112.049927, 8.645920, 112.050538, 8.653370
112.050156, 8.645920, 112.050538, 8.653370
112.050377, 8.645920, 112.050538, 8.653370
112.050606, 8.645920, 112.050538, 8.653370
112.050827, 8.645920, 112.050538, 8.653370
112.051048, 8.645920, 112.050538, 8.653370
112.051277, 8.645920, 112.050538, 8.653370
112.051498, 8.645920, 112.050538, 8.653370
112.050156, 8.670578, 112.050538, 8.653370
112.050377, 8.670578, 112.050538, 8.653370
112.050606, 8.670578, 112.050538, 8.653370
112.050827, 8.670578, 112.050538, 8.653370
112.051048, 8.670578, 112.050538, 8.653370
112.051277, 8.670578, 112.050538, 8.653370
112.051498, 8.670578, 112.050538, 8.653370
205.096390, 8.722082, 205.097154, 8.737421
205.096939, 8.722082, 205.097154, 8.737421
205.097504, 8.722082, 205.097154, 8.737421
205.098053, 8.722082, 205.097154, 8.737421
205.096390, 8.749080, 205.097154, 8.737421
205.096939, 8.749080, 205.097154, 8.737421
205.097504, 8.749080, 205.097154, 8.737421
205.098053, 8.749080, 205.097154, 8.737421
284.098022, 8.973912, 284.098945, 9.000000
284.098907, 8.973912, 284.098945, 9.000000
284.099823, 8.973912, 284.098945, 9.000000
284.098022, 8.998745, 284.098945, 9.000000
284.098907, 8.998745, 284.098945, 9.000000
284.099823, 8.998745, 284.098945, 9.000000
284.098022, 9.024080, 284.098945, 9.000000
284.098907, 9.024080, 284.098945, 9.000000
284.099823, 9.024080, 284.098945, 9.000000
203.102295, 9.446412, 203.102633, 9.459378
203.102844, 9.446412, 203.102633, 9.459378
203.103394, 9.446412, 203.102633, 9.459378
203.102844, 9.470745, 203.102633, 9.459378
203.103394, 9.470745, 203.102633, 9.459378
184.107269, 9.693247, 184.108053, 9.707988
184.107742, 9.693247, 184.108053, 9.707988
184.108215, 9.693247, 184.108053, 9.707988
184.108688, 9.693247, 184.108053, 9.707988
104.070587, 9.717578, 104.070605, 9.729510
104.070786, 9.717578, 104.070605, 9.729510
184.107269, 9.717578, 184.108053, 9.707988
184.107742, 9.717578, 184.108053, 9.707988
184.108215, 9.717578, 184.108053, 9.707988
184.108688, 9.717578, 184.108053, 9.707988
284.098022, 9.717578, 284.098945, 9.746697
284.098907, 9.717578, 284.098945, 9.746697
284.099823, 9.717578, 284.098945, 9.746697
198.123352, 9.742917, 198.123703, 9.747517
198.123886, 9.742917, 198.123703, 9.747517
198.124405, 9.742917, 198.123703, 9.747517
284.098022, 9.742917, 284.098945, 9.746697
284.098907, 9.742917, 284.098945, 9.746697
284.098022, 9.766582, 284.098945, 9.746697
284.098907, 9.766582, 284.098945, 9.746697
284.099823, 9.766582, 284.098945, 9.746697
162.076340, 10.075087, 162.076084, 10.100000
162.076736, 10.075087, 162.076084, 10.100000
334.139465, 10.193247, 334.139747, 10.212527
334.140625, 10.193247, 334.139747, 10.212527
182.080658, 10.240423, 182.081170, 10.255519
182.081116, 10.240423, 182.081170, 10.255519
182.081589, 10.240423, 182.081170, 10.255519
182.082047, 10.240423, 182.081170, 10.255519
334.140625, 10.240423, 334.139747, 10.212527
182.081116, 10.263078, 182.081170, 10.255519
182.081589, 10.263078, 182.081170, 10.255519
182.082047, 10.263078, 182.081170, 10.255519
182.081116, 10.286255, 182.081170, 10.255519
182.081589, 10.286255, 182.081170, 10.255519
182.082047, 10.286255, 182.081170, 10.255519
189.123718, 10.449748, 189.123369, 10.451390
189.124207, 10.449748, 189.123369, 10.451390
810.131470, 10.472245, 810.133050, 10.475120
810.135803, 10.472245, 810.133050, 10.475120
130.085922, 10.495080, 130.086255, 10.525424
130.086197, 10.495080, 130.086255, 10.525424
130.086487, 10.495080, 130.086255, 10.525424
130.086761, 10.495080, 130.086255, 10.525424
130.087036, 10.495080, 130.086255, 10.525424
130.086197, 10.518245, 130.086255, 10.525424
130.086487, 10.518245, 130.086255, 10.525424
130.086761, 10.518245, 130.086255, 10.525424
130.087036, 10.518245, 130.086255, 10.525424
130.086197, 10.542248, 130.086255, 10.525424
130.086487, 10.542248, 130.086255, 10.525424
130.086761, 10.542248, 130.086255, 10.525424
371.113708, 10.542248, 371.113215, 10.557385
371.115051, 10.542248, 371.113215, 10.557385
144.065933, 10.657578, 144.065520, 10.683564
144.065598, 10.680755, 144.065520, 10.683564
144.065933, 10.680755, 144.065520, 10.683564
144.065277, 10.703745, 144.065520, 10.683564
144.065598, 10.703745, 144.065520, 10.683564
144.065933, 10.703745, 144.065520, 10.683564
144.066254, 10.703745, 144.065520, 10.683564
258.109406, 11.010245, 258.108447, 11.000000
282.119080, 11.104090, 282.119680, 11.118065
282.119965, 11.104090, 282.119680, 11.118065
282.120880, 11.104090, 282.119680, 11.118065
666.129150, 11.104090, 666.132048, 11.129082
666.132385, 11.104090, 666.132048, 11.129082
282.119080, 11.126747, 282.119680, 11.118065
282.119965, 11.126747, 282.119680, 11.118065
282.120880, 11.126747, 282.119680, 11.118065
666.129150, 11.126747, 666.132048, 11.129082
666.132385, 11.126747, 666.132048, 11.129082
167.033829, 11.147177, 167.033885, 11.139307
167.034241, 11.147177, 167.033885, 11.139307
167.034653, 11.147177, 167.033885, 11.139307
282.119080, 11.147177, 282.119680, 11.118065
282.119965, 11.147177, 282.119680, 11.118065
282.120880, 11.147177, 282.119680, 11.118065
385.127838, 11.147177, 385.128865, 11.175816
385.129272, 11.147177, 385.128865, 11.175816
385.130676, 11.147177, 385.128865, 11.175816
666.129150, 11.147177, 666.132048, 11.129082
666.132385, 11.147177, 666.132048, 11.129082
385.127838, 11.171578, 385.128865, 11.175816
385.129272, 11.171578, 385.128865, 11.175816
385.130676, 11.171578, 385.128865, 11.175816
150.076660, 11.193752, 150.076753, 11.219356
150.077011, 11.193752, 150.076753, 11.219356
150.077347, 11.193752, 150.076753, 11.219356
150.077698, 11.193752, 150.076753, 11.219356
385.127838, 11.193752, 385.128865, 11.175816
385.129272, 11.193752, 385.128865, 11.175816
385.130676, 11.193752, 385.128865, 11.175816
150.076660, 11.217247, 150.076753, 11.219356
150.077011, 11.217247, 150.076753, 11.219356
150.077347, 11.217247, 150.076753, 11.219356
150.077698, 11.217247, 150.076753, 11.219356
150.077011, 11.240253, 150.076753, 11.219356
150.077347, 11.240253, 150.076753, 11.219356
150.077698, 11.240253, 150.076753, 11.219356
348.069183, 11.485745, 348.070361, 11.505488
348.070404, 11.485745, 348.070361, 11.505488
348.071625, 11.485745, 348.070361, 11.505488
348.069183, 11.507912, 348.070361, 11.505488
348.070404, 11.507912, 348.070361, 11.505488
348.071625, 11.507912, 348.070361, 11.505488
190.070663, 11.621248, 190.070999, 11.613162
332.560760, 11.846422, 332.561837, 11.873385
332.561920, 11.846422, 332.561837, 11.873385
332.563049, 11.846422, 332.561837, 11.873385
332.560760, 11.869747, 332.561837, 11.873385
332.561920, 11.869747, 332.561837, 11.873385
332.563049, 11.869747, 332.561837, 11.873385
332.561920, 11.893082, 332.561837, 11.873385
332.563049, 11.893082, 332.561837, 11.873385
664.113464, 11.893082, 664.116398, 11.909926
664.116699, 11.893082, 664.116398, 11.909926
664.113464, 11.915580, 664.116398, 11.909926
664.116699, 11.915580, 664.116398, 11.909926
664.113464, 11.939580, 664.116398, 11.909926
664.116699, 11.939580, 664.116398, 11.909926
308.089996, 12.011747, 308.091083, 12.033714
308.091003, 12.011747, 308.091083, 12.033714
308.092041, 12.011747, 308.091083, 12.033714
156.075912, 12.035748, 156.076753, 12.045564
156.076279, 12.035748, 156.076753, 12.045564
156.076645, 12.035748, 156.076753, 12.045564
156.077026, 12.035748, 156.076753, 12.045564
156.077393, 12.035748, 156.076753, 12.045564
308.089996, 12.035748, 308.091083, 12.033714
308.091003, 12.035748, 308.091083, 12.033714
308.092041, 12.035748, 308.091083, 12.033714
148.059738, 12.058750, 148.060434, 12.078544
148.060089, 12.058750, 148.060434, 12.078544
148.060425, 12.058750, 148.060434, 12.078544
148.060760, 12.058750, 148.060434, 12.078544
148.061096, 12.058750, 148.060434, 12.078544
156.075912, 12.058750, 156.076753, 12.045564
156.076279, 12.058750, 156.076753, 12.045564
156.076645, 12.058750, 156.076753, 12.045564
156.077026, 12.058750, 156.076753, 12.045564
156.077393, 12.058750, 156.076753, 12.045564
308.089996, 12.058750, 308.091083, 12.033714
308.091003, 12.058750, 308.091083, 12.033714
308.092041, 12.058750, 308.091083, 12.033714
148.059738, 12.083247, 148.060434, 12.078544
148.060089, 12.083247, 148.060434, 12.078544
148.060425, 12.083247, 148.060434, 12.078544
148.060760, 12.083247, 148.060434, 12.078544
148.061096, 12.083247, 148.060434, 12.078544
148.059738, 12.107245, 148.060434, 12.078544
148.060089, 12.107245, 148.060434, 12.078544
148.060425, 12.107245, 148.060434, 12.078544
148.060760, 12.107245, 148.060434, 12.078544
148.061096, 12.107245, 148.060434, 12.078544
258.109406, 12.131078, 258.110100, 12.145510
258.110199, 12.131078, 258.110100, 12.145510
258.110962, 12.131078, 258.110100, 12.145510
258.109406, 12.156430, 258.110100, 12.145510
258.110199, 12.156430, 258.110100, 12.145510
258.110962, 12.156430, 258.110100, 12.145510
214.091614, 12.180253, 214.092128, 12.213298
214.091614, 12.227920, 214.092128, 12.213298
214.092209, 12.227920, 214.092128, 12.213298
217.128754, 12.251587, 217.129517, 12.264554
217.129349, 12.251587, 217.129517, 12.264554
217.129959, 12.251587, 217.129517, 12.264554
217.130569, 12.251587, 217.129517, 12.264554
217.128754, 12.275417, 217.129517, 12.264554
217.129349, 12.275417, 217.129517, 12.264554
217.129959, 12.275417, 217.129517, 12.264554
217.130569, 12.275417, 217.129517, 12.264554
249.107742, 12.323578, 249.108113, 12.339098
249.108490, 12.323578, 249.108113, 12.339098
249.109238, 12.323578, 249.108113, 12.339098
249.107742, 12.347087, 249.108113, 12.339098
249.108490, 12.347087, 249.108113, 12.339098
249.109238, 12.347087, 249.108113, 12.339098
425.045227, 12.347087, 425.044420, 12.362625
425.043549, 12.370755, 425.044420, 12.362625
425.045227, 12.370755, 425.044420, 12.362625
134.044739, 12.419245, 134.044784, 12.431564
134.045029, 12.419245, 134.044784, 12.431564
134.045319, 12.419245, 134.044784, 12.431564
134.045624, 12.419245, 134.044784, 12.431564
428.035858, 12.419245, 428.036691, 12.444459
428.037537, 12.419245, 428.036691, 12.444459
134.044449, 12.442913, 134.044784, 12.431564
134.044739, 12.442913, 134.044784, 12.431564
134.045029, 12.442913, 134.044784, 12.431564
134.045319, 12.442913, 134.044784, 12.431564
134.045624, 12.442913, 134.044784, 12.431564
428.035858, 12.442913, 428.036691, 12.444459
428.037537, 12.442913, 428.036691, 12.444459
428.035858, 12.467580, 428.036691, 12.444459
428.037537, 12.467580, 428.036691, 12.444459
189.123215, 12.662750, 189.123369, 12.665462
189.123718, 12.662750, 189.123369, 12.665462
189.124207, 12.662750, 189.123369, 12.665462
104.070786, 12.950087, 104.070605, 12.969414
104.070992, 12.950087, 104.070605, 12.969414
242.043304, 12.950087, 242.042415, 12.982417
176.102219, 12.999080, 176.102968, 13.030234
176.102646, 12.999080, 176.102968, 13.030234
176.103088, 12.999080, 176.102968, 13.030234
176.103531, 12.999080, 176.102968, 13.030234
231.025436, 12.999080, 231.026430, 13.027718
231.026108, 12.999080, 231.026430, 13.027718
231.026764, 12.999080, 231.026430, 13.027718
231.027435, 12.999080, 231.026430, 13.027718
342.139587, 12.999080, 342.140810, 13.024070
342.140778, 12.999080, 342.140810, 13.024070
342.141968, 12.999080, 342.140810, 13.024070
176.102219, 13.022912, 176.102968, 13.030234
176.102646, 13.022912, 176.102968, 13.030234
176.103088, 13.022912, 176.102968, 13.030234
176.103531, 13.022912, 176.102968, 13.030234
231.026108, 13.022912, 231.026430, 13.027718
231.026764, 13.022912, 231.026430, 13.027718
231.027435, 13.022912, 231.026430, 13.027718
176.102219, 13.046748, 176.102968, 13.030234
176.102646, 13.046748, 176.102968, 13.030234
176.103088, 13.046748, 176.102968, 13.030234
176.103531, 13.046748, 176.102968, 13.030234
342.139587, 13.046748, 342.140810, 13.024070
342.140778, 13.046748, 342.140810, 13.024070
342.141968, 13.046748, 342.140810, 13.024070
273.037689, 13.643912, 273.036995, 13.661042
260.052185, 13.667913, 260.052979, 13.700000
260.052979, 13.667913, 260.052979, 13.700000
260.053772, 13.667913, 260.052979, 13.700000
260.052185, 13.690920, 260.052979, 13.700000
260.052979, 13.690920, 260.052979, 13.700000
260.053772, 13.690920, 260.052979, 13.700000
581.087402, 13.690920, 581.087843, 13.716426
581.090088, 13.690920, 581.087843, 13.716426
260.052979, 13.713912, 260.052979, 13.700000
260.053772, 13.713912, 260.052979, 13.700000
422.035034, 13.713912, 422.036023, 13.731703
422.036682, 13.713912, 422.036023, 13.731703
581.087402, 13.713912, 581.087843, 13.716426
581.090088, 13.713912, 581.087843, 13.716426
422.035034, 13.736912, 422.036023, 13.731703
422.036682, 13.736912, 422.036023, 13.731703
508.001587, 13.736912, 508.003022, 13.767267
508.003754, 13.736912, 508.003022, 13.767267
525.028564, 13.736912, 525.029571, 13.751384
525.030823, 13.736912, 525.029571, 13.751384
581.087402, 13.736912, 581.087843, 13.716426
581.090088, 13.736912, 581.087843, 13.716426
422.035034, 13.760082, 422.036023, 13.731703
422.036682, 13.760082, 422.036023, 13.731703
508.001587, 13.760082, 508.003022, 13.767267
508.003754, 13.760082, 508.003022, 13.767267
525.028564, 13.760082, 525.029571, 13.751384
525.030823, 13.760082, 525.029571, 13.751384
529.983887, 13.760082, 529.984966, 13.791586
529.986206, 13.760082, 529.984966, 13.791586
508.001587, 13.783078, 508.003022, 13.767267
508.003754, 13.783078, 508.003022, 13.767267
525.028564, 13.783078, 525.029571, 13.751384
525.030823, 13.783078, 525.029571, 13.751384
529.983887, 13.783078, 529.984966, 13.791586
529.986206, 13.783078, 529.984966, 13.791586
529.983887, 13.805912, 529.984966, 13.791586
529.986206, 13.805912, 529.984966, 13.791586
584.086670, 13.805912, 584.088846, 13.834411
584.089355, 13.805912, 584.088846, 13.834411
584.089355, 13.829080, 584.088846, 13.834411
405.009247, 13.972580, 405.009474, 14.000000
405.010803, 13.972580, 405.009474, 14.000000
291.129303, 14.165585, 291.129911, 14.193467
291.130249, 14.165585, 291.129911, 14.193467
291.131165, 14.165585, 291.129911, 14.193467
291.130249, 14.189752, 291.129911, 14.193467
291.131165, 14.189752, 291.129911, 14.193467
204.025757, 14.310423, 204.026765, 14.331444
204.026306, 14.310423, 204.026765, 14.331444
204.026855, 14.310423, 204.026765, 14.331444
204.027405, 14.310423, 204.026765, 14.331444
204.025757, 14.334580, 204.026765, 14.331444
204.026306, 14.334580, 204.026765, 14.331444
204.026855, 14.334580, 204.026765, 14.331444
204.027405, 14.334580, 204.026765, 14.331444
204.026306, 14.358747, 204.026765, 14.331444
204.026855, 14.358747, 204.026765, 14.331444
204.027405, 14.358747, 204.026765, 14.331444
372.544098, 14.358747, 372.545003, 14.382897
372.545471, 14.358747, 372.545003, 14.382897
372.546814, 14.358747, 372.545003, 14.382897
744.081665, 14.358747, 744.082729, 14.379203
744.085510, 14.358747, 744.082729, 14.379203
186.999451, 14.383752, 187.000216, 14.405097
186.999939, 14.383752, 187.000216, 14.405097
187.000412, 14.383752, 187.000216, 14.405097
187.000900, 14.383752, 187.000216, 14.405097
208.982361, 14.383752, 208.982160, 14.414006
208.982925, 14.383752, 208.982160, 14.414006
372.545471, 14.383752, 372.545003, 14.382897
372.546814, 14.383752, 372.545003, 14.382897
399.143799, 14.383752, 399.144515, 14.400000
399.145325, 14.383752, 399.144515, 14.400000
744.081665, 14.383752, 744.082729, 14.379203
744.085510, 14.383752, 744.082729, 14.379203
186.999451, 14.407752, 187.000216, 14.405097
186.999939, 14.407752, 187.000216, 14.405097
187.000412, 14.407752, 187.000216, 14.405097
187.000900, 14.407752, 187.000216, 14.405097
208.982925, 14.407752, 208.982160, 14.414006
372.544098, 14.407752, 372.545003, 14.382897
372.545471, 14.407752, 372.545003, 14.382897
372.546814, 14.407752, 372.545003, 14.382897
399.143799, 14.407752, 399.144515, 14.400000
399.145325, 14.407752, 399.144515, 14.400000
744.081665, 14.407752, 744.082729, 14.379203
744.085510, 14.407752, 744.082729, 14.379203
186.999451, 14.431592, 187.000216, 14.405097
186.999939, 14.431592, 187.000216, 14.405097
187.000412, 14.431592, 187.000216, 14.405097
187.000900, 14.431592, 187.000216, 14.405097
399.143799, 14.431592, 399.144515, 14.400000
399.145325, 14.431592, 399.144515, 14.400000
263.087524, 14.547090, 263.087377, 14.561222
263.088318, 14.547090, 263.087377, 14.561222
263.086700, 14.569413, 263.087377, 14.561222
263.087524, 14.569413, 263.087377, 14.561222
263.088318, 14.569413, 263.087377, 14.561222
263.086700, 14.591745, 263.087377, 14.561222
263.087524, 14.591745, 263.087377, 14.561222
263.088318, 14.591745, 263.087377, 14.561222
595.145996, 14.658248, 595.148674, 14.683147
595.148743, 14.658248, 595.148674, 14.683147
595.151489, 14.658248, 595.148674, 14.683147
595.148743, 14.680585, 595.148674, 14.683147
595.148743, 14.702752, 595.148674, 14.683147
595.151489, 14.702752, 595.148674, 14.683147
746.095032, 14.795745, 746.098379, 14.806433
746.098877, 14.795745, 746.098379, 14.806433
746.095032, 14.819578, 746.098379, 14.806433
746.098877, 14.819578, 746.098379, 14.806433
307.082062, 14.967412, 307.083258, 14.995738
307.083099, 14.967412, 307.083258, 14.995738
307.084106, 14.967412, 307.083258, 14.995738
613.157166, 14.967412, 613.159239, 14.990521
613.160034, 14.967412, 613.159239, 14.990521
307.082062, 14.992247, 307.083258, 14.995738
307.083099, 14.992247, 307.083258, 14.995738
307.084106, 14.992247, 307.083258, 14.995738
613.157166, 14.992247, 613.159239, 14.990521
613.160034, 14.992247, 613.159239, 14.990521
307.082062, 15.017245, 307.083258, 14.995738
307.083099, 15.017245, 307.083258, 14.995738
307.084106, 15.017245, 307.083258, 14.995738
613.157166, 15.017245, 613.159239, 14.990521
613.160034, 15.017245, 613.159239, 14.990521
506.956268, 15.042248, 506.957748, 15.068659
506.958435, 15.042248, 506.957748, 15.068659
502.000763, 15.067918, 502.002353, 15.091559
502.002869, 15.067918, 502.002353, 15.091559
506.956268, 15.067918, 506.957748, 15.068659
506.958435, 15.067918, 506.957748, 15.068659
484.973572, 15.094580, 484.975804, 15.101417
484.975586, 15.094580, 484.975804, 15.101417
484.977600, 15.094580, 484.975804, 15.101417
502.000763, 15.094580, 502.002353, 15.091559
502.002869, 15.094580, 502.002353, 15.091559
506.956268, 15.094580, 506.957748, 15.068659
506.958435, 15.094580, 506.957748, 15.068659
484.973572, 15.119415, 484.975804, 15.101417
484.975586, 15.119415, 484.975804, 15.101417
484.977600, 15.119415, 484.975804, 15.101417
502.000763, 15.119415, 502.002353, 15.091559
502.002869, 15.119415, 502.002353, 15.091559
444.029541, 15.169913, 444.031606, 15.202358
444.031311, 15.169913, 444.031606, 15.202358
444.033081, 15.169913, 444.031606, 15.202358
444.029541, 15.195078, 444.031606, 15.202358
444.031311, 15.195078, 444.031606, 15.202358
444.033081, 15.195078, 444.031606, 15.202358
444.029541, 15.220245, 444.031606, 15.202358
444.031311, 15.220245, 444.031606, 15.202358
444.033081, 15.220245, 444.031606, 15.202358
483.990417, 15.373752, 483.991789, 15.391204
483.992432, 15.373752, 483.991789, 15.391204
483.990417, 15.399245, 483.991789, 15.391204
483.992432, 15.399245, 483.991789, 15.391204
684.254272, 15.450578, 684.255684, 15.473513
684.257629, 15.450578, 684.255684, 15.473513
606.082458, 15.476080, 606.084429, 15.492640
606.085266, 15.476080, 606.084429, 15.492640
501.020477, 15.502413, 501.018338, 15.511555
606.082458, 15.502413, 606.084429, 15.492640
606.085266, 15.502413, 606.084429, 15.492640
464.080444, 15.880578, 464.081319, 15.902850
464.082336, 15.880578, 464.081319, 15.902850
464.080444, 15.908245, 464.081319, 15.902850
464.082336, 15.908245, 464.081319, 15.902850
464.080444, 15.934920, 464.081319, 15.902850
464.082336, 15.934920, 464.081319, 15.902850
523.995972, 16.344247, 523.997937, 16.360672
523.998230, 16.344247, 523.997937, 16.360672
524.000488, 16.344247, 523.997937, 16.360672
523.995972, 16.371085, 523.997937, 16.360672
523.998230, 16.371085, 523.997937, 16.360672
524.000488, 16.371085, 523.997937, 16.360672
203.150421, 19.984082, 203.150252, 19.954269
203.150970, 19.984082, 203.150252, 19.954269
133.096649, 20.694420, 133.097154, 20.709265
133.096939, 20.694420, 133.097154, 20.709265
133.097229, 20.694420, 133.097154, 20.709265
133.097519, 20.694420, 133.097154, 20.709265
133.097809, 20.694420, 133.097154, 20.709265
133.098099, 20.694420, 133.097154, 20.709265
133.096634, 20.723578, 133.097154, 20.709265
133.096924, 20.723578, 133.097154, 20.709265
133.097214, 20.723578, 133.097154, 20.709265
133.097504, 20.723578, 133.097154, 20.709265
133.097794, 20.723578, 133.097154, 20.709265
133.098083, 20.723578, 133.097154, 20.709265
175.118301, 24.748413, 175.118952, 24.773210
175.118744, 24.748413, 175.118952, 24.773210
175.119186, 24.748413, 175.118952, 24.773210
175.119614, 24.748413, 175.118952, 24.773210
175.118332, 24.778748, 175.118952, 24.773210
175.118759, 24.778748, 175.118952, 24.773210
175.119202, 24.778748, 175.118952, 24.773210
175.119644, 24.778748, 175.118952, 24.773210
