Retention time (min),Ion formula,Name,m/z
9.5,C4H8NO2+,1-Aminocyclopropane-1-carboxylate STD [M+H]+,102.054954464
11.1180652282337,C11H16N5O4+,1-Methyladenosine STD [M+H]+,282.11967996
5.17919564768173,C5H5O3+,2-Furoate STD [M+H]+,113.023319988
15.5635123633467,C3H9O10P2+,Diphospho-glycerate STD [M+H]+,266.966545716
5.91735492912481,C11H15N4O5+,2-O-Methyl-inosine STD [M+H]+,283.103695548
6.06133432870565,C10H13N5O6P+,"2,3-Cyclic AMP STD [M+H]+",330.059795734
10.901645659823,C7H16NO2+,Butyro-betaine STD [M+H]+,146.11755517601
14.4923560330132,C8H15O8+,3-Deoxy-D-manno-octulosonate STD [M+H]+,239.076143408
7.04022613898015,C10H13N5O6P+,"3,5-Cyclic AMP STD [M+H]+",330.059795734
7.1966681289066,C7H8NO2+,4-Aminobenzoate STD [M+H]+,138.054954464
12.518037912034,C5H12N3O2+,4-Guanidinobutanoate STD [M+H]+,146.092402592
7.27094419725448,C9H7O3+,4-Methylphthalic anhydride STD [M+H]+,163.038970052
9.38618756689017,C6H11N2O3+,"Threonyl-glycine STD,4-Methylene-L-glutamine MS [M-H2O+H]+",159.07641818
16.5313304119027,C5H14O14P3+,PRPP (5-Phospho-alpha-D-ribose 1-diphosphate) STD [M+H]+,390.959090986
10.4751199858999,C23H39N7O17P3S+,Acetyl-CoA STD [M+H]+,810.133049646
6.56553304107055,C5H6N5+,Adenine STD [M+H]+,136.06177116
6.23304477814384,C10H14N5O4+,"2-deoxyguanosine MS,Adenosine STD [M+H]+",268.104029896
12.4444588117154,C10H16N5O10P2+,ADP STD [M+H]+,428.03669094
11.9082403025293,C8H15N2O5+,Glutamyl-alanine STD [M+H]+,219.097547548
11.5054881848659,C10H15N5O7P+,AMP STD [M+H]+,348.070360418
15.7665228787668,C11H22N5O5+,Glutamyl-arginine STD [M+H]+,304.161544772
11.5679734587421,C6H9O6+,Ascorbate STD [M+H]+,177.039363976
13.7672674258149,C10H17N5O13P3+,ATP STD [M+H]+,508.003021462
13.7513841888331,C10H20N6O13P3+,ATP STD [M+NH4]+,525.029568462
3.38156965317328,C33H37N4O6+,Bilirubin STD [M+H]+,585.270760872
3.83297850308886,C8H11N4O2+,Caffeine STD [M+H]+,195.08765203041
14.7,C9H16N3O11P2+,CDP STD [M+H]+,404.02545756
12.974066189675,C14H27N4O11P2+,CDP-choline STD [M+H]+,489.114606912
13.8098763017769,C11H21N4O11P2+,CDP-ethanolamine STD [M+H]+,447.06765672
15.4917203183573,C6H7O6+,cis-Aconitate STD [M+H]+,175.023713912
13.387273075153,C9H15N3O8P+,CMP STD [M+H]+,324.059127038
11.6910463102219,C21H37N7O16P3S+,CoA STD [M+H]+,768.122484962
4.6660177566066,C10H13N2O+,Cotinine STD [M+H]+,177.10223946525
12.066262511962,C4H10N3O2+,Creatine STD [M+H]+,132.076752528
15.3912038339122,C9H17N3O14P3+,CTP STD [M+H]+,483.991788082
3.3272623841283,C21H21O6+,Curcumin STD [M+H]+,369.13326436
9.07505908231859,C9H14N3O5+,Cytidine STD [M+H]+,244.092796516
10.1580797429612,C5H13O5+,Arabitol STD [M+H]+,153.075749484
11.4805555458899,C6H13O7+,Gluconate STD [M+H]+,197.065578724
5.85132798906864,C27H46N9O12+,Deferriferrichrome STD [M+H]+,688.32604388
12.2102968228406,C10H17N2O8+,EDTA STD [M+H]+,293.097941472
12.3947299626395,C10H15N2O8Zn+,EDTA+Zn STD [M+H]+,355.01143406617
12.1320339338463,C9H16N3O2S+,Ergothioneine STD [M+H]+,230.09577418561
9.44365933031843,C27H34N9O15P2+,FAD STD [M+H]+,786.164410616
4.65227877116043,C27H43FeN9O12+,Ferrichrome STD [M+H]+,741.23750677401
4.60117173456628,C11H16N5O3S+,Methylthioadenosine STD [M+H]+,298.09683681477
11.5113134544051,C8H15N2O5S+,Glutamyl-cysteine STD [M+H]+,251.069618548
15.2023578794617,C10H16N5O11P2+,GDP STD [M+H]+,444.03160556
15.4926397215602,C16H26N5O16P2+,GDP-glucose STD [M+H]+,606.08442898
7.05000445614272,C6H12NO4+,"N-Acetylthreonine MS,Glutamate methyl ester STD [M+H]+",162.076083832
9.17400843998205,C14H19N2O5+,Glutamyl-phenylalanine STD [M+H]+,295.128847676
12.0337143830138,C10H18N3O6S+,Glutathione (GSH) STD [M+H]+,308.091082264
14.9905210993295,C20H33N6O12S2+,Glutathione disulfide (GSSG) STD [M+H]+,613.159238464
14.995737663034,[C20H34N6O12S2]2+,Glutathione disulfide (GSSG) STD [M+2H]2+,307.083257232
12.1455095209041,C8H21NO6P+,Glycerophosphocholine STD [M+H]+,258.11009999
3.77096230841613,C26H44NO5+,Glycochenodeoxycholate STD [M+H]+,450.321399476
4.23626577422543,C26H44NO6+,Glycocholate STD [M+H]+,466.316314096
14.1686738331465,C10H15N5O8P+,GMP STD [M+H]+,364.065275038
16.3606715242498,C10H17N5O14P3+,GTP STD [M+H]+,523.997936082
9.74669709227034,C10H14N5O5+,Guanosine STD [M+H]+,284.098944516
8.27110833286397,C8H19N2O4S+,HEPES STD [M+H]+,239.106004056
13.6814883535385,C7H16O10P+,Sedoheptulose-7-phosphate STD [M+H]+,291.04755931
4.82026370020347,C13H26NO4+,Hexanoyl-carnitine STD [M+H]+,260.18563473513
11.4168392292971,C6H15O6+,"Hexitol [C6H14O6] 11.0 MS,D-(-)-Sorbitol STD [M+H]+",183.086314168
12.0455641483479,C6H10N3O2+,Histidine STD [M+H]+,156.076752528
13.1723133840606,C27H45N7O20P3S+,HMG-CoA STD [M+H]+,912.164743698
3.8,C21H31O5+,Cortisol/Hydrocortisone STD [M+H]+,363.21660006
11.3471268090604,C5H10NO3+,"5-Aminolevulinate STD,Hydroxyproline STD [M+H]+",132.065519148
6.00245431854507,C14H19N2O2+,Trimethyl-tryptophan (Hypaphorine) STD [M+H]+,247.144103816
7.19908514349942,C5H5N4O+,Hypoxanthine STD [M+H]+,137.045786748
13.0509785622574,C10H14N4O8P+,IMP STD [M+H]+,349.054376006
8.16658040959574,C10H13N4O5+,"Allopurinol riboside STD,Inosine STD [M+H]+",269.088045484
5.41839961816052,C12H24NO4+,Isovaleryl-carnitine STD [M+H]+,246.16998467113
3.73176118312237,C6H11O3+,Ketoleucine STD [M+H]+,131.07027018
7.98869847598948,C10H13N2O3+,Kynurenine STD [M+H]+,209.092068244
8.47279546012211,C9H18NO4+,Acetyl-carnitine STD [M+H]+,204.123034024
24.7732097645086,C6H15N4O2+,Arginine STD [M+H]+,175.118951688
12.431564033618,C4H8NO4+,Aspartate STD [M+H]+,134.044783704
10.8580032646015,C7H16NO3+,Carnitine STD [M+H]+,162.11246934
13.0302344642641,C6H14N3O3+,Citrulline STD [M+H]+,176.102967276
13.2953730342586,C6H13N2O4S2+,Cystine (Cysteine disulfide) STD [M+H]+,241.031124864
12.0785442175208,C5H10NO4+,Glutamate STD [M+H]+,148.060433768
4.14036760267376,C15H30NO4+,Octanoyl-carnitine STD [M+H]+,288.216934408
3.68539651828603,C7H16NO2+,Leucine-Methyl-ester STD [M+H]+,146.11755472
2.88490475351555,C18H33O2+,Linoleic acid STD [M+H]+,281.247506264
3.5,C8H15O2S2+,Lipoate STD [M+H]+,207.050797688
23.305447766393,C6H15N2O2+,Lysine STD [M+H]+,147.112803688
13.133495049686,C4H7O5+,Malate STD [M+H]+,135.028799292
8.74476284390389,C5H12NO2S+,Methionine STD [M+H]+,150.058325592
14.193467315014,C10H19N4O6+,Argininosuccinic acid STD [M+H]+,291.129910296
12.2645544985878,C8H17N4O3+,N-Acetyl-arginine STD [M+H]+,217.129516372
11.6131618639481,C7H12NO5+,N-Acetyl-glutamate STD [M+H]+,190.070998452
4.4006278633033,C8H16NO3+,"Isovalerylsarcosine STD,N-Acetyl-leucine STD,Hexanoyl Glycine STD,N-Acetyl-isoleucine STD [M+H]+",174.11246934
4.71475837966917,C8H17N2O2+,"N-Acetyl-Leucine-amide STD,N-Acetyl-Isoleucine-amide STD [M+H]+",173.128453752
5.40256537210187,C11H14NO4+,Acetyl-tyrosine STD [M+H]+,224.091733896
7.1,C7H16NO2+,"Methyl-leucine STD,Dimethyl-valine STD [M+H]+",146.11755472
19.954269138759,C8H19N4O2+,"NG,NG-dimethylarginine STD,Dimethyl-arginine STD [M+H]+",203.150251816
9.70798834857837,C8H14N3O2+,Dimethyl-histidine STD [M+H]+,184.108052656
12.6654618001797,C8H17N2O3+,N2-Acetyl-lysine STD [M+H]+,189.123368372
5.95934709652769,C12H18N5O5+,Dimethyl-guanosine STD [M+H]+,312.130244644
10.4513902361164,C8H17N2O3+,N6-Acetyl-lysine STD [M+H]+,189.123368372
11.9099255821245,C21H28N7O14P2+,NAD+ STD [M+H]+,664.116397804
11.1290820523137,C21H30N7O14P2+,NADH STD [M+H]+,666.132047868
14.3792033313962,C21H29N7O17P3+,NADP+ STD [M+H]+,744.082728326
14.8064325757034,C21H31N7O17P3+,NADPH STD [M+H]+,746.09837886821
4.72436467643721,C6H7N2O+,Nicotinamide STD [M+H]+,123.055288812
4.9629148699064,C6H6NO2+,Nicotinic acid STD [M+H]+,124.0393044
12.8279723949453,C10H18N3O6+,"Norophthalmic acid (glutamyl-alanyl-glycine) STD,Glutamyl-glutamine STD [M+H]+",276.119011264
4.16065007997399,C17H34NO4+,Decanoyl-carnitine STD [M+H]+,316.24823499113
11.2152272781885,C11H20N3O6+,Ophthalmic acid STD [M+H]+,290.134661328
20.7092649294349,C5H13N2O2+,Ornithine STD [M+H]+,133.097153624
6.12025383844946,C9H18NO5+,Pantothenate STD [M+H]+,220.117948644
4.48701179943208,C7H9N4O2+,Dimethyl-xanthine STD [M+H]+,181.07200196641
7.27606508348065,C9H12NO2+,Phenylalanine STD [M+H]+,166.086254592
3.4,C9H9O3+,Phenylpyruvate STD [M+H]+,165.054620116
13.2968447880597,H7O8P2+,Phosphate (dimer) STD [M+H]+,196.961066412
14.4050970163888,C3H8O7P+,Phosphoglycerate STD [M+H]+,187.00021564301
11.9018175605243,C8H19N2O6S2+,PIPES STD [M+H]+,303.067904296
3.50419947836888,C21H29O5+,"Prednisolone? MS,Aldosterone STD [M+H]+",361.200949996
23.3759105332495,C5H12NO+,Prolinol STD [M+H]+,102.091339972
7.19954782782255,C10H20NO4+,Propionyl-carnitine STD [M+H]+,218.138684088
9.66391276051292,C7H13O5+,(Iso)Propylmalate STD [M+H]+,177.075749484
5.55862610811155,C8H12NO3+,Pyridoxine STD [M+H]+,170.081169212
7.82355075922792,C5H8NO3+,Pyroglutamate STD [M+H]+,130.049869084
10.3644465063624,C7H13O6+,Quinic acid STD [M+H]+,193.070664104
12.670206130831,C7H6NO4+,Quinolinic acid STD [M+H]+,168.02913364
4.1967811819519,C14H13O3+,Resveratrol STD [M+H]+,229.08592069477
5.72176380676523,C17H21N4O6+,Riboflavin STD [M+H]+,377.14556036
13.0277182758447,C5H12O8P+,Ribose-phosphate STD [M+H]+,231.026429942
11.1758163530815,C14H21N6O5S+,S-Adenosyl-homocysteine STD [M+H]+,385.12886474
14.4,C15H23N6O5S+,S-Adenosyl-methionine STD [M+H]+,399.144514804
13.3303231016709,C11H21N2O6+,Saccharopine STD [M+H]+,277.13941236
12.6290425226183,C10H19N4O5+,Succinyl-arginine STD [M+H]+,275.134995676
13.6,C25H41N7O19P3S+,Succinyl-CoA STD [M+H]+,868.13852895
11.1171178551484,C9H17N2O5+,gamma-Glutamyl-2-aminobutyrate STD [M+H]+,233.113197612
15,H5O8S2+,Sulfate (dimer) STD [M+H]+,196.942035088
3.84505907720929,C21H42NO4+,Tetradecanoyl-carnitine STD [M+H]+,372.31083524713
4.33069651536326,C6H15O4+,Triethylene glycol STD [M+H]+,151.096484928
9.74751718047058,C9H16N3O2+,Trimethyl-histidine (hercynine) STD [M+H]+,198.12370272
20.69067558932,C9H21N2O2+,Trimethyl-lysine STD [M+H]+,189.15975388
8.73742126798281,C11H13N2O2+,Tryptophan STD [M+H]+,205.097153624
10.2555185844522,C9H12NO3+,Tyrosine STD [M+H]+,182.081169212
14,C9H15N2O12P2+,UDP STD [M+H]+,405.009473148
12.7473160119654,C17H28N3O17P2+,UDP-N-acetylglucosamine STD [M+H]+,608.088845664
13.8431181520758,C15H25N2O17P2+,"UDP-D-galactose STD,UDP-glucose STD [M+H]+",567.062296568
13.8344111601714,C15H28N3O17P2+,"UDP-glucose STD,UDP-D-galactose STD [M+NH4]+",584.088843568
13.731703249485,C9H18N3O12P2+,UDP STD [M+NH4]+,422.036020148
12.6087604173163,C9H14N2O9P+,UMP STD [M+H]+,325.043142626
7.02777807766049,C9H13N2O6+,Uridine STD [M+H]+,245.076812104
15.1014172915642,C9H16N2O15P3+,UTP STD [M+H]+,484.97580367
15.0915589315179,C9H19N3O15P3+,UTP STD [M+NH4]+,502.00235067
3.13532963413831,C25H48NO4+,"Vaccenyl carnitine MS,Oleoylcarnitine STD [M+H]+",426.357784984
8.70621109111745,C22H25N4O4+,Tryptophan STD [2M+H]+,409.18703171753
7.92699368136542,C7H14NO2+,Dimethyl-proline (stachydrine) STD [M+H]+,144.10190511201
22.0672718012359,C7H17N2O2+,Methyl-lysine STD [M+H]+,161.12845421281
4.42182924165613,C9H9O4+,"4-Hydroxyphenylpyruvate STD,Monomethyl phthalate STD [M+H]+",181.04953518633
7.13767789517756,C11H16N5O5+,"2-O-Methylguanosine STD,1-Methylguanosine STD [M+H]+",298.11459505389
11.5,C8H15O8+,2-keto-3-deoxyoctonate STD [M+H]+,239.07614385657
7.89403074048244,C10H18N3O2S+,S-Methyl-ergothioneine STD [M+H]+,244.11142424961
4.09964539860814,C10H15N2+,Nicotine STD (Nicotine positive) [M+H]+,163.12297490969
13.3787361601472,C3H8NO2S+,Cysteine STD [M+H]+,122.02702592001
7.35947240533214,C20H20NaO9+,trans-Resveratrol-glucuronide STD [M+Na]+,427.09995291613
7.9,C5H5N4O2+,Oxypurinol STD [M+H]+,153.04070183841
2.8,C28H49O2+,Gamma-Tocopherol STD [M+H]+,417.37270722721
4.55324222694667,C4H7N2S+,Methimazole STD [M+H]+,115.03244565369
3.80529906294583,C24H41O4+,Chenodeoxycholic acid STD [M+H]+,393.29993621033
7.40050933355706,C5H5N2O4+,Orotic acid STD [M+H]+,157.02438306793
9.85188984738522,C10H13N2O8+,Orotidine STD [M+H]+,289.06664180217
3,C30H51+,Squalene STD [M+H]+,411.39852805209
4.9,C8H8NO4S+,Indoxyl-sulfate STD [M+H]+,214.01685515913
20.3866677708385,C13H21N6O3S+,S-adenosyl-3-thiopropylamine STD [M+H]+,341.13903597957
7.13961007416105,C11H22NO4+,(iso)Butyryl-carnitine STD [M+H]+,232.15433460713
2.51210306112107,C34H67N2O8+,Decanoyl-carnitine STD (O-Decanol-L-carnitine dimer ?) [2M+H]+,631.48919353017
8.48075921139848,C18H35N2O8+,Acetyl-carnitine STD [2M+H]+,407.23879250617
4.9,C34H67N2O8+,Decanoyl-carnitine STD [2M+H]+,631.48919353017
4.8,C51H100N3O12+,Decanoyl-carnitine STD [3M+H]+,946.73015206921
4.62210689243493,C26H51N2O8+,Hexanoyl-carnitine STD [2M+H]+,519.36399301817
3.15547450951082,C39H76N3O12+,Hexanoyl-carnitine STD [3M+H]+,778.54235130121
3.4049400006628,C30H59N2O8+,Octanoyl-carnitine STD [2M+H]+,575.42659327417
3.78101821230823,C19H38NO4+,Dodecanoyl-carnitine STD [M+H]+,344.27953511913
3.88393590216662,C25H46NO4+,Linoleyl carnitine STD [M+H]+,424.34213537513
4.1,C42H83N2O8+,Tetradecanoyl-carnitine STD (dimer of teradecanoylcarnitine) [2M+H]+,743.61439404217
3.63639919498745,C23H46NO4+,L-Palmitoylcarnitine STD [M+H]+,400.34213537513
4.40939471705773,C25H50NO4+,Stearoylcarnitine STD [M+H]+,428.37343550313
12.6989358447362,C9H16N4O8P+,AICAR STD [M+H]+,339.07002653777
11.4076750059678,C20H29N10O14P2+,AMP STD [2M+H]+,695.13344532993
7.05004734363947,C16H19O9+,3-Caffeoylquinic acid (Chlorogenic acid) STD [M+H]+,355.10235860413
20.9747471692371,C5H14NO+,Choline STD (Very high E7-E8 positive only peak around 23min) [M+H]+,104.10699049245
8.42453809755371,C6H12NO4+,L-Glutamic acid 5-methyl ester STD [M+H]+,162.07608428713
5,C15H11O6+,Luteolin STD [M+H]+,287.05501448945
4.65916980192049,C15H11O7+,Quercetin STD [M+H]+,303.04992910901
9.36042218500621,C11H21N2O5+,Glutamyl-(iso)leucine STD [M+H]+,261.14449819949
9.02750368381562,C4H10NO2S+,Homocysteine STD [M+H]+,136.04267598401
5.2,C20H23O8+,Polydatin STD [M+H]+,391.13874411257
12.3390976509793,C9H17N2O6+,Glutamyl-threonine STD [M+H]+,249.10811269105
3.47840311938103,C14H15O3+,"Dihydroresveratrol STD,Naproxen MS [M+H]+",231.10157075877
15.8261117787991,C11H22N3O5+,Glutamyl-lysine STD [M+H]+,276.15539723629
13.1252297920313,C8H15N2O6+,Glutamyl-serine STD [M+H]+,235.09246262705
12.9607047725718,C9H15N4O3+,"Carnosine STD,Histidylalanine MS (Carnosine [M+H]+) [M+H]+",227.11386677797
13.9486495874144,C3H8NO5S2+,Cysteine-S-sulfate STD [M+H]+,201.98384077869
14.7527954519343,C10H17N2O7+,Glutamyl-glutamate STD [M+H]+,277.10302731061
13.6,C9H16N3O6+,"Glutamyl-glycyl-glycine STD,Glutamyl-asparagine STD [M+H]+",262.10336166385
4.70976510132944,C25H25O12+,"3,5-Dicaffeoylquinic acid (Isochlorogenic acid A) STD [M+H]+",517.13405265481
10.5410869478894,C4H7N4O3+,Allantoin STD [M+H]+,159.05126652197
12.3626249353528,C12H19N4O7P2S+,Thiamin diphosphate STD [M+H]+,425.04441964421
11.9000037754709,C8H22N3O6S2+,PIPES STD [M+NH4]+,320.09445385585
4.72538023269458,C7H14NO4+,Dimethyl glutamate STD [M+H]+,176.09173435113
4.27090537299793,C26H47N2O6+,Glycocholate STD [M+NH4]+,483.34286365105
3.6490012436237,C52H87N2O10+,Glycochenodeoxycholate STD [2M+H]+,899.63552340929
3.56528569605271,C52H90N3O10+,Glycochenodeoxycholate STD [2M+NH4]+,916.66207251009
23.3020631522537,C12H29N4O4+,Lysine STD [2M+H]+,293.21833184553
4.29638001930867,C26H42NO5+,Glycocholate STD [M-H2O+H]+,448.30574986669
20.6725617461505,C10H25N4O4+,Ornithine STD [2M+H]+,265.18703171753
3.67206088279007,C26H43NNaO5+,Glycochenodeoxycholate STD [M+Na]+,472.30334417869
13.0280414676604,C3H8N3O2+,Guanidinoacetate STD [M+H]+,118.06110292961
2.9845280216235,C14H28KO2+,Myristic acid STD [M+K]+,267.17208823521
5.10360861672868,C11H12NO3+,Indolelactate STD [M+H]+,206.08116966757
3.87264587355027,C24H44NO4+,Chenodeoxycholic acid STD [M+NH4]+,410.32648531113
23.3049681192455,C6H14N2NaO2+,Lysine STD [M+Na]+,169.09474839681
5.85446777660768,C10H10NO2+,Indoleacetate STD [M+H]+,176.07060498401
4.75516966748941,C8H11N2O4S+,Indoxyl-sulfate STD [M+NH4]+,231.04340425993
4.21294769990183,C26H47N2O5+,Glycochenodeoxycholate STD [M+NH4]+,467.34794903149
4.05473628816591,C26H49N2O7S+,Taurocholate STD [M+NH4]+,533.32549933461
9.72951043210006,C4H10NO2+,Dimethyl-glycine STD [M+H]+,104.07060498401
7.95875879099471,C14H27N2O4+,Dimethyl-proline (stachydrine) STD [2M+H]+,287.19653377193
11.8970850624498,C10H19N2O8+,Glutamate STD [2M+H]+,295.11359199417
11.0981619741491,C6H15O6+,D-(-)-Sorbitol STD [M+H]+,183.08631461745
5.42838772025815,C12H18NO2+,N-trimethyl-phenylalanine STD [M+H]+,208.13320524001
11.9522031904909,C20H35N6O12S2+,Glutathione (GSH) STD [2M+H]+,615.17488900361
12.1932170004084,C18H31N6O4S2+,Ergothioneine STD [2M+H]+,459.18427191913
15.5151900923531,C3H12NO10P2+,Diphospho-glycerate STD [M+NH4]+,283.99309526449
15.476450335607,C6H17O20P4+,Diphospho-glycerate STD [2M+H]+,532.92581587529
13.7915861739899,C10H16N5NaO13P3+,ATP STD [M+Na]+,529.98496618037
11.8733850655528,[C21H29N7O14P2]2+,NAD+ STD [M+2H]2+,332.56183736781
12.1205750038808,C18H30N6NaO4S2+,Ergothioneine STD [2M+Na]+,481.16621616713
12.0692755461705,C10H17N3NaO6S+,Glutathione (GSH) STD [M+Na]+,330.07302697585
12.0185415538401,C8H19N6O4+,Creatine STD [2M+H]+,263.14622953513
12.094491169726,C27H46N9O6S3+,Ergothioneine STD [3M+H]+,688.27276965265
15.4268094552868,C6H20NO20P4+,Diphospho-glycerate STD [2M+NH4]+,549.95236497609
12.1755656079866,C9H15N3NaO2S+,Ergothioneine STD [M+Na]+,252.07771843361
12.2087995881576,C20H34N6NaO12S2+,Glutathione (GSH) STD [2M+Na]+,637.15683325161
16.0475047741045,C3H8NaO10P2+,Diphospho-glycerate STD [M+Na]+,288.94849041169
11.4079343521,C10H14N5NaO7P+,AMP STD [M+Na]+,370.05230513901
11.9812253809302,C30H52N9O18S3+,Glutathione (GSH) STD [3M+H]+,922.25869527937
12.6733719629658,C20H31N10O20P4+,ADP STD [2M+H]+,855.06610637129
15.3470845765461,C9H28NO30P6+,Diphospho-glycerate STD [3M+NH4]+,815.91163468769
15.4609836199941,C9H25O30P6+,Diphospho-glycerate STD [3M+H]+,798.88508558689
15.808207435939,C6H16NaO20P4+,Diphospho-glycerate STD [2M+Na]+,554.90776012329
12.6734222208904,C12H23N2O8+,2-Aminoadipate STD [2M+H]+,323.14489212217
14.3828972491439,[C21H30N7O17P3]2+,NADP+ STD [M+2H]2+,372.54500262815
4.00057507426175,C8H14NO2+,"Hexanoyl Glycine STD,N-Acetyl-leucine STD,Isovalerylsarcosine STD,N-Acetyl-isoleucine STD [M-H2O+H]+",156.10190511201
16.2932641130454,C5H17NO14P3+,PRPP (5-Phospho-alpha-D-ribose 1-diphosphate) STD [M+NH4]+,407.98564053273
14.3314437532826,C3H11NO7P+,Phosphoglycerate STD [M+NH4]+,204.02676474381
11.501330026396,C6H11O6+,Gluconate STD [M-H2O+H]+,179.05501448945
3.64724173966509,C26H46NO7S+,Taurocholate STD [M+H]+,516.29895023381
16.4529271861053,C15H26N3O18P2+,UDP-glucuronate STD [M+NH4]+,598.06811067857
13.4295617174172,C2H9NO4P+,O-Phosphoethanolamine STD [M+H]+,142.02637082113
13.4185171863447,C4H17N2O8P2+,O-Phosphoethanolamine STD [2M+H]+,283.04546519017
12.3590755983238,C20H27N8O16P2+,IMP STD [2M+H]+,697.10147649545
13.4619785567488,C6H25N3O12P3+,O-Phosphoethanolamine STD [3M+H]+,424.06455955921
11.4219855297527,C11H20NO9+,N-Acetylneuraminate STD [M+H]+,310.11325764093
12.7845401766349,C17H31N4O17P2+,UDP-N-acetylglucosamine STD [M+NH4]+,625.11539522381
7.2247387027377,C5H4N4NaO+,Hypoxanthine STD [M+Na]+,159.02773146685
12.9804535145431,[C14H28N4O11P2]2+,CDP-choline STD [M+2H]2+,245.06094191527
7.21113462806622,C10H8N8NaO2+,Hypoxanthine STD [2M+Na]+,295.06624223361
12.691448694374,C9H17N3O9P+,UMP STD [M+NH4]+,342.06969218453
13.8297176197676,C20H29N10O16P2+,GMP STD [2M+H]+,727.12327456905
11.7896228430674,[C8H20N2O6S2]2+,PIPES STD [M+2H]2+,152.03759060357
7.2125055974761,C10H9N8O2+,Hypoxanthine STD [2M+H]+,273.08429798561
13.3071172112986,C8H33N4O16P4+,O-Phosphoethanolamine STD [4M+H]+,565.08365392825
15.9028496669442,C14H19N5O11P+,Adenylosuccinate STD [M+H]+,464.08131949725
11.4984223584792,C20H28N10NaO14P2+,AMP STD [2M+Na]+,717.11538957793
5.20925653830179,C6H15O4+,Triethylene glycol STD [M+H]+,151.09648537833
7.82469384956697,C7H14NaO6+,Methylglucoside STD [M+Na]+,217.06825886545
7.36653962101143,C7H15O6+,Methylglucoside STD [M+H]+,195.08631461745
11.8708091658951,C16H40N5O12S4+,PIPES STD [2M+NH4]+,622.15508215881
4.66562521597221,C11H10NO2+,Indolelactate STD [M-H2O+H]+,188.07060498401
15.4735134079054,C24H46NO21+,Maltotetraose STD [M+NH4]+,684.25568390765
2.86348198617898,C26H36N5O4+,Melatonin STD [2M+NH4]+,482.27618107433
12.0964131937296,C4H8N3O+,Creatine STD [M-H2O+H]+,114.06618831005
10.5254236258649,C6H12NO2+,L-Pipecolate STD [M+H]+,130.08625504801
11.2346179491595,C11H18NO8+,N-Acetylneuraminate STD [M-H2O+H]+,292.10269295737
4.7160933995697,C6H18NO4+,Triethylene glycol STD [M+NH4]+,168.12303447913
13.006679774063,C10H17N5O8P+,IMP STD [M+NH4]+,366.08092557457
8.19929754912492,C16H37N4O8S2+,HEPES STD [2M+H]+,477.20473257977
8.07985256420323,C24H55N6O12S3+,HEPES STD [3M+H]+,715.30346064361
4.94496868559662,C6H5N2O+,Urocanate STD [M-H2O+H]+,121.03963920925
7.99324793793077,C8H18N2NaO4S+,HEPES STD [M+Na]+,261.08794876393
4.94362327120614,C6H7N2O2+,Urocanate STD [M+H]+,139.05020389281
11.8495444114225,C16H37N4O12S4+,PIPES STD [2M+H]+,605.12853305801
13.2047407888553,C12H27N6O6+,Citrulline STD [2M+H]+,351.19865903025
4.37096504606438,C9H10NO3+,Hippurate STD [M+H]+,180.06551960357
9.92799382589182,C7H16NO5+,(Iso)Propylmalate STD [M+NH4]+,194.10229903469
13.3280684980035,C6H12N2NaO4S2+,Cystine (Cysteine disulfide) STD [M+Na]+,263.01306957193
3.96450566912712,C45H88N3O12+,Octanoyl-carnitine STD [3M+H]+,862.63625168521
5.00433492761317,C11H16N5O4+,"O6-Methyl-2-deoxyguanosine STD,N6-Methyladenosine STD,3-O-Methyladenosine STD,2-O-Methyladenosine STD [M+H]+",282.11968043433
12.7058886228115,C4H11N3O5P+,Phosphocreatine STD [M+H]+,212.04308351429
24.7705227909384,C12H29N8O4+,Arginine STD [2M+H]+,349.23062786473
13.3017563965821,C12H25N4O8S4+,Cystine (Cysteine disulfide) STD [2M+H]+,481.05497419577
11.2968259568428,C6H14NaO6+,D-(-)-Sorbitol STD [M+Na]+,205.06825886545
8.13830181003148,C20H25N8O10+,Inosine STD [2M+H]+,537.16881545409
8.20960636301244,C10H12N4NaO5+,"Allopurinol riboside STD,Inosine STD [M+Na]+",291.06999020109
8.1961412077502,C20H24N8NaO10+,"Allopurinol riboside STD,Inosine STD [2M+Na]+",559.15075970209
7.69949793579341,C11H17N4O4+,Acetylcarnosine STD [M+H]+,269.12443146153
3.61859323218297,C8H10NO4+,4-Pyridoxate STD [M+H]+,184.06043422313
6.02007478171281,C28H37N4O4+,Trimethyl-tryptophan (Hypaphorine) STD [2M+H]+,493.28093210153
4.57309597926924,C8H13N4O3+,Histidinyl-glycine STD [M+H]+,213.09821895453
7.38914365396728,C18H23N2O4+,Phenylalanine STD [2M+H]+,331.16523364393
4.73840874119489,C9H12NO4+,Aspirin STD [M+NH4]+,198.07608428713
14.4096179084083,C6H15O14P2+,Phosphoglycerate STD [2M+H]+,372.99315483393
14.6831469526453,C20H31N6O11S2+,Glutathione disulfide (GSSG) STD [M-H2O+H]+,595.14867425605
24.7636777029913,C6H14N4NaO2+,Arginine STD [M+Na]+,197.10089640641
23.3072874448775,C12H28N4NaO4+,Lysine STD [2M+Na]+,315.20027609353
12.8417960801261,C6H11N2O5+,Aspartyl-glycine STD [M+H]+,191.0662395239
13.0233533053193,C7H13N2O5+,Glutamyl-glycine STD [M+H]+,205.08189794349
22.0414462001061,C7H16N2NaO2+,Methyl-lysine STD [M+Na]+,183.11039846081
5.13593958507525,[C11H20N6O4]2+,N6-Methyladenosine STD [M+H+NH4]2+,150.07675299361
11.2808094960417,C6H18NO6+,D-(-)-Sorbitol STD [M+NH4]+,200.11286371825
11.2728983471406,C6H13O5+,D-(-)-Sorbitol STD [M-H2O+H]+,165.07574993389
11.8485676910615,C16H29N4O10+,Glutamyl-alanine STD [2M+H]+,437.18781356153
3.72060597319496,C8H8NO3+,4-Pyridoxate STD [M-H2O+H]+,166.04986953957
13.2003178238056,C6H13N3NaO3+,Citrulline STD [M+Na]+,198.08491198917
7.84704450265365,C11H16N5O5+,N2-Methylguanosine STD [M+H]+,298.11459505389
4.20930387931321,C6H8NO+,4-Aminophenol STD [M+H]+,110.0600400769
12.0417425347426,C10H19N4O6S2+,Cysteinylglycine disulfide STD [M+H]+,355.07405276465
10.2185902586352,C18H23N2O6+,Tyrosine STD [2M+H]+,363.15506288305
5.98863351122885,C9H17NNaO5+,Pantothenate STD [M+Na]+,242.09989334669
13.6610416028651,C7H14O9P+,Sedoheptulose-7-phosphate STD [M-H2O+H]+,273.03699507413
24.7744488691177,C12H28N8NaO4+,Arginine STD [2M+Na]+,371.21257211273
4.67936169187803,C9H8NO2+,Hippurate STD [M-H2O+H]+,162.05495492001
7.06033691785454,C20H21O9+,trans-Resveratrol-glucuronide STD [M+H]+,405.11800866813
7.19633995278565,C20H24NO9+,trans-Resveratrol-glucuronide STD [M+NH4]+,422.14455776893
4.40942012311515,C24H44NO5+,Cholic acid STD [M+NH4]+,426.32139993069
3.79201448438928,C29H51O2+,Alpha-Tocopherol STD [M+H]+,431.38835729121
24.7777935370816,C18H43N12O6+,Arginine STD [3M+H]+,523.34230357105
4.39115057299323,C14H16NO6S+,Resveratrol-sulfate STD [M+NH4]+,326.06928465425
22.0282946917537,C14H33N4O4+,Methyl-lysine STD [2M+H]+,321.24963197353
12.6074251796782,C8H17NO9P+,N-Acetyl-D-glucosamine 6-phosphate STD [M+H]+,302.06354417493
11.8376500199591,C24H55N6O18S6+,PIPES STD [3M+H]+,907.18916136097
2.98555922229503,C27H45+,Cholesterol STD [M-H2O+H]+,369.35157786009
7.76239149960781,C15H15O6+,"Catechin STD,Epicatechin STD [M+H]+",291.08631461745
4.14947810825447,C20H26NO8+,Polydatin STD [M+NH4]+,408.16529321337
5.22264372013841,C9H7O2+,4-Coumarate STD [M-H2O+H]+,147.04405588321
9.77930654513278,C5H7N2O2+,Imidazole-4-acetate STD [M+H]+,127.05020389281
4.87731883027737,C11H15N2O3+,Phenylalanyl-glycine STD [M+H]+,223.10771950169
8.99462535876068,C13H24N3O6+,"Glutamyl-isoleucine-glycine STD,Glutamyl-leucine-glycine STD [M+H]+",318.16595221623
6.2,C9H9O3+,"4-Coumarate STD,2-Coumarate STD [M+H]+",165.05462056677
12.2094049965017,C16H41N2O12P2+,Glycerophosphocholine STD [2M+H]+,515.21292443641
4.26591037014321,C7H8N4NaO2+,Dimethyl-xanthine STD [M+Na]+,203.05394621441
12.21329842515,C6H16NO7+,Gluconate STD [M+NH4]+,214.09212827381
9.94320519104515,C12H22N3O6S+,Glutamyl-methionine-glycine STD [M+H]+,336.12238285585
9.99907230244129,C12H22N3O6+,Glutamyl-valine-glycine STD [M+H]+,304.15031185585
11.8670128017307,C21H27N7NaO14P2+,NAD+ STD [M+Na]+,686.09834253153
11.0024750339717,C10H18N3O2S+,2-Iminobiotin STD [M+H]+,244.11142424961
13.4640302205274,C18H30N5O10S2+,Phytochelatin/cadystin PC2 STD [M+H]+,540.14286059969
14.4140060726591,C3H7NaO7P+,Phosphoglycerate STD [M+Na]+,208.98215989101
13.4907065245992,[C18H31N5O10S2]2+,Phytochelatin/cadystin PC2 STD [M+2H]2+,270.57506852589
11.1393072678501,C8H7O4+,Phthalic acid STD [M+H]+,167.03388512233
11.3214040901824,C6H12NaO7+,Gluconate STD [M+Na]+,219.04752342101
12.7006421895499,C18H27N4O18P2+,UMP STD [2M+H]+,649.07900971537
6.06906458761453,C9H16NO4+,Pantothenate STD [M-H2O+H]+,202.10738441513
4.03080249063447,C48H81O8+,Chenodeoxycholic acid STD [2M+H]+,785.59259596857
12.3522403016335,C12H20N3O6+,"Glycyl-prolyl-glutamic acid STD,Glutamyl-proline-glycine STD [M+H]+",302.13466179185
13.1890550335423,C14H26N4NaO11P2+,CDP-choline STD [M+Na]+,511.09655162645
9.2197700919406,C18H27N6O10+,Cytidine STD [2M+H]+,487.17831750849
5.43890105552986,C8H17N2O3+,(Iso)Leucyl-glycine STD [M+H]+,189.12336883237
12.2166950730501,C8H20NNaO6P+,Glycerophosphocholine STD [M+Na]+,280.09204469225
13.0463209475467,C6H10NaO7+,D-Glucuronate STD [M+Na]+,217.03187959365
3.01146712379228,C13H17N2O2+,Melatonin STD [M+H]+,233.12845421281
6.65981608180233,C7H15N2O3+,Valyl-glycine STD [M+H]+,175.10771876837
13.7,C6H15NO8P+,D-Glucosamine 6-phosphate STD [M+H]+,260.05297318392
9.93437608041516,C7H13N2O3+,Proline-glycine STD [M+H]+,173.09206870437
14.561222421733,C9H15N2O7+,Glutamyl-aspartate STD [M+H]+,263.08737724661
3.98228920105535,C15H13O5+,"Naringenin [Butein same mass, RT] STD,Butein [Naringenin same mass, RT] STD [M+H]+",273.07574993389
11.6764877352879,C24H39N6O12+,Glutamyl-proline-glycine STD [2M+H]+,603.26204713161
14.4107895955507,C8H18N5O3+,Arginyl-glycine STD [M+H]+,232.14041587877
9.60527729389801,C7H12NaO5+,(Iso)Propylmalate STD [M+Na]+,199.05769418189
14.4895038532335,C8H18N3O3+,Lysine-glycine STD [M+H]+,204.13426786917
10.6835639701117,C6H10NO3+,N-Methyl-glutamate STD [M-H2O+H]+,144.06551960357
11.5114008715196,C8H18NO8+,2-keto-3-deoxyoctonate STD [M+NH4]+,256.10269295737
11.2219362152299,C14H19N2O6+,Glutamyl-tyrosine STD [M+H]+,311.12376275505
9.43034551163725,C8H16NO4+,Castanospermine STD [M+H]+,190.10738441513
9.4,C11H15N4O5+,7-Methylinosine STD [M+H]+,283.10369601709
12.3953252349206,C16H40N2NaO12P2+,Glycerophosphocholine STD [2M+Na]+,537.19486868441
8.63064743908896,C6H7O6+,Dehydroascorbic acid STD [M+H]+,175.02371436145
9.46809907177878,C6H13N2O4+,Threonyl-glycine STD [M+H]+,177.08698332393
12.4728980618851,C11H17N4O5+,Glutamyl-histidine STD [M+H]+,285.11934608109
9.45937765568862,C8H15N2O4+,1-Aminocyclopropane-1-carboxylate STD [2M+H]+,203.10263338793
12.3488662014636,C5H8NaO5+,Citramalate STD [M+Na]+,171.02639405389
14.4352509295088,C12H20N3O8+,Glutamyl-glutamate-glycine STD [M+H]+,334.12449103097
11.5260154805756,C15H24N5O4+,Kyotorphin STD [M+H]+,338.18228069033
6.41140288216897,C9H11O4+,Homovanillic acid STD [M+H]+,183.06518525033
13.052335348862,C11H19N4O7+,Glutamyl-asparagine-glycine STD [M+H]+,319.12482538421
4.44499945452492,C20H22NaO8+,Polydatin STD [M+Na]+,413.12068836057
4.0679131733995,C24H39O3+,Chenodeoxycholic acid STD [M-H2O+H]+,375.28937152677
11.1224339796888,C11H19N3NaO6+,Ophthalmic acid STD [M+Na]+,312.11660603985
4.42405611762976,C7H7N4O+,Dimethyl-xanthine STD [M-H2O+H]+,163.06143728285
5.38433758970676,C8H10NO2+,Pyridoxine STD [M-H2O+H]+,152.07060498401
6.5,C8H9O4+,"Homogentisic acid STD,Vanillic acid STD [M+H]+",169.04953518633
10.5392881161833,C10H19N2O5+,"Glutamyl-valine STD,Aspartyl-leucine MS [M+H]+",247.12884813549
3.39453132390246,C6H11O5+,Dimethyl L-(-)-Malate STD [M+H]+,163.06009986989
10.1704912505219,C7H16NO6+,Quinic acid STD [M+NH4]+,210.09721365425
3.71764304585162,C21H27O4+,Aldosterone STD [M-H2O+H]+,343.19038576233
6.94755652610255,C18H25N4O12+,Uridine STD [2M+H]+,489.14634867401
4.66036754138796,C48H81O10+,Cholic acid STD [2M+H]+,817.58242520769
13.1180961641093,C18H29N8O6+,Carnosine STD [2M+H]+,453.22045710385
13.1302768019124,C10H18N3O7+,Glutamyl-serine-glycine STD [M+H]+,292.11392634741
3.87432732524503,C26H44NO6S+,Taurocholate STD [M-H2O+H]+,498.28838555025
13.8199713846235,C10H17N4O3+,Homocarnosine STD [M+H]+,241.12951684197
8.65337046475864,C4H6N3O+,Cytosine STD [M+H]+,112.05053824605
12.981442920979,C9H14N4NaO3+,Carnosine STD [M+Na]+,249.09581102597
14.0953310693237,C6H14NO6+,D-Glucosaminate STD [M+H]+,196.08156359025
13.8711670634804,C10H15N4O2+,Homocarnosine STD [M-H2O+H]+,223.11895215841
16.6954294636221,C15H23N2O18P2+,UDP-glucuronate STD [M+H]+,581.04156157777
16.499205292248,C15H22N2NaO18P2+,UDP-glucuronate STD [M+Na]+,603.02350582577
12.701638606743,C8H21N6O10P2+,Phosphocreatine STD [2M+H]+,423.07889057649
14.0395304032049,C18H28N8NaO6+,Carnosine STD [2M+Na]+,475.20240135185
5.70155076231072,C5H7N2O2+,Thymine STD [M+H]+,127.05020389281
3.81565927076535,C48H84NO10+,Cholic acid STD [2M+NH4]+,834.60897430849
4.34343317986874,C48H80NaO8+,Chenodeoxycholic acid STD [2M+Na]+,807.57454021657
4.01695737119725,C48H84NO8+,Chenodeoxycholic acid STD [2M+NH4]+,802.61914506937
11.1029320271439,C22H39N6O12+,Ophthalmic acid STD [2M+H]+,579.26204713161
11.1062462653305,C22H38N6NaO12+,Ophthalmic acid STD [2M+Na]+,601.24399137961
4.77299394561639,C11H11NNaO3+,Indolelactate STD [M+Na]+,228.06311391557
4.91517869140505,C10H15N2O5+,Thymidine STD [M+H]+,243.09754800749
11.0630847914581,C33H58N9O18+,Ophthalmic acid STD [3M+H]+,868.38943247137
12.9694137977602,C4H10NO2+,GABA STD [M+H]+,104.07060498401
13.4,C7H15N2O3+,"Glycyl-valine MS/MS,N-Acetyl-ornithine STD [M+H]+",175.10771876837
7.28377458928689,C8H12NO4+,3-Hydroxymandelic acid STD [M+NH4]+,186.07608428713
7.91327463966751,C5H8N3O+,Methyl-cytosine STD [M+H]+,126.06618831005
11.0485812219785,C5H11N2O4+,Serine-glycine STD [M+H]+,163.07133325993
13.0240704779546,C9H15N3O6C4H4N2H+,Glutamyl-histidine-glycine STD [M+H]+,342.14080980145
6.22190768593946,C16H22NO9+,3-Caffeoylquinic acid (Chlorogenic acid) STD [M+NH4]+,372.12890770493
4.62327367992955,C27H46FeN10O12+,Ferrichrome STD [M+NH4]+,758.26405587481
12.2503654682383,C24H61N3O18P3+,Glycerophosphocholine STD [3M+H]+,772.31574842857
6.18790658500274,C10H17N2O3S+,Biotin STD [M+H]+,245.09543983237
14.4081673979554,C6H18NO14P2+,Phosphoglycerate STD [2M+NH4]+,390.01970393473
14.4107173118502,C9H22O21P3+,Phosphoglycerate STD [3M+H]+,558.98609402485
10.557384815591,C13H19N6O5S+,S-adenosyl-cysteine STD [M+H]+,371.11321515469
4.64256898152454,[C27H44FeN9O12]2+,Ferrichrome STD [M+2H]2+,371.12239161305
4.72686377124641,C27H42FeN9NaO12+,Ferrichrome STD [M+Na]+,763.21945102201
15.5115552668281,C9H20N4O14P3+,CTP STD [M+NH4]+,501.01833764313
13.7164264756145,C14H31O20P2+,Sedoheptulose-7-phosphate STD [2M+H]+,581.08784306329
12.6542222153192,C11H20N3O7+,Glutamyl-threonyl-glycine STD [M+H]+,306.12957641141
13.0011478166972,C9H15N2O5+,Glutamyl-threonine STD [M-H2O+H]+,231.09754800749
15.1318023949865,C18H34N5O30P6+,UTP STD [2M+NH4]+,985.97088089889
6.11211554131947,C10H15N2O2S+,Biotin STD [M-H2O+H]+,227.08487514881
13.8309129252074,C18H32N5O24P4+,UDP STD [2M+NH4]+,826.03821985753
9.60564352490889,C10H13N4O6+,Xanthosine STD [M+H]+,285.08296057265
8.38978272961723,C7H13N2O4+,N-Acetyl-L-glutamine STD [M+H]+,189.08698332393
6.16302539297945,C20H33N4O6S2+,Biotin STD [2M+H]+,489.18360321265
12.6028310508424,C22H25N4O6+,5-Hydroxy-L-tryptophan STD [2M+H]+,441.17686095665
9.76610041794638,C20H27N10O10+,Guanosine STD [2M+H]+,567.19061352769
9.76503114495843,C18H31N6O4+,Trimethyl-histidine (hercynine) STD [2M+H]+,395.24012991913
8.7,C9H15N3O6C7H7+,Glutamyl-phenylalanyl-glycine STD [M+H]+,352.15031185585
12.4878971590228,C12H21N4O7+,Glutamyl-glutamine-glycine STD [M+H]+,333.14047544821
3.38845686442775,C27H45O+,"Vitamin D3 (Cholecalciferol) STD,7-Dehydrocholesterol STD [M+H]+",385.34649247965
4.85455783921529,C7H11N2O2+,Glycyl-L-proline lactam STD [M+H]+,155.08150402081
11,C16H22N3O7+,Glutamyl-tyrosine-glycine STD [M+H]+,368.14522647541
23.2951506074334,C24H57N8O8+,Lysine STD [4M+H]+,585.42938723897
10.2125270155969,C7H12N2O5C9H7NH+,Glutamyl-tryptophan STD [M+H]+,334.13974717229
11.8055912398599,C12H19N6O4+,Histidine STD [2M+H]+,311.14622953513
9.45584588907325,C20H25N8O12+,Xanthosine STD [2M+H]+,569.15864469321
12.2583370940007,C12H31N9O15P3+,Phosphocreatine STD [3M+H]+,634.11469763869
6.02903470118945,C24H35N10O10+,Dimethyl-guanosine STD [2M+H]+,623.25321378369
6.09543228576035,[C27H47N9O12]2+,Deferriferrichrome STD [M+2H]2+,344.66666041105
6.08309365405655,C27H49N10O12+,Deferriferrichrome STD [M+NH4]+,705.35259347081
11.048332831775,C10H19N2O6+,Hydroxyproline STD [2M+H]+,263.12376275505
6.36899628270067,C27H45N9NaO12+,Deferriferrichrome STD [M+Na]+,710.30798861801
8.14323271978449,C30H37N12O15+,Inosine STD [3M+H]+,805.24958495509
10.406485408549,C16H33N4O6+,N6-Acetyl-lysine STD [2M+H]+,377.23946121265
10.6558018442005,C22H39N6O12S2+,Homoglutathione (HGSH) STD [2M+H]+,643.20618913161
22.2269953551341,C7H15N2O+,Methyl-lysine STD [M-H2O+H]+,143.11788952925
7.12568139636681,C22H31N10O10+,"2-O-Methylguanosine STD,1-Methylguanosine STD [2M+H]+",595.22191365569
10.9218716591065,C33H58N9O18S3+,Homoglutathione (HGSH) STD [3M+H]+,964.30564547137
23.2648836340473,C18H43N6O6+,Lysine STD [3M+H]+,439.32385954225
7.09637869858312,C11H15N2O4+,Tyrosyl-glycine STD [M+H]+,239.10263338793
13.7897890645465,C18H29N4O24P4+,UDP STD [2M+H]+,809.01167075673
12.712676849792,C20H35N6O12+,"Glutamyl-glutamine STD,Norophthalmic acid (glutamyl-alanyl-glycine) STD [2M+H]+",551.23074700361
9.6232047774584,C5H11N2O3+,Alanyl-glycine STD [M+H]+,147.07641864037
10.8462485057949,C11H20N3O6S+,Homoglutathione (HGSH) STD [M+H]+,322.10673279185
10.4120528838637,C11H18N3O5S+,Homoglutathione (HGSH) STD [M-H2O+H]+,304.09616810829
6.16591324852606,C20H32N4NaO6S2+,Biotin STD [2M+Na]+,511.16554746065
6.13425323944614,C10H16N2NaO3S+,Biotin STD [M+Na]+,267.07738408037
6.04945355158706,C18H34N2NaO10+,Pantothenate STD [2M+Na]+,461.21057523973
11.5883609025833,C7H11NNaO5+,N-Acetyl-glutamate STD [M+Na]+,212.05294315469
10.8429839861158,C11H16N5O5+,7-Methylguanosine STD [M+H]+,298.11459372887
9.50384507806471,C3H7N2O2+,"D-Cycloserine STD,Formiminoglycine MS [M+H]+",103.05020389281
11.6918411390739,C5H8NO2+,5-Aminolevulinate STD (not 1-Pyrroline-2-carboxylate?) [M-H2O+H]+,114.05495492001
2.90905904669614,C16H31N2O6+,"Hexanoyl Glycine STD,Isovalerylsarcosine STD [2M+H]+",347.21766313905
13.8586131407659,C15H24N2NaO17P2+,UDP-glucose STD [M+Na]+,589.04424127021
12.9824169684698,C6H13NO7P+,D-Glucosamine 6-phosphate STD [M-H2O+H]+,242.04241480781
13.4082355377039,C8H15NO8P+,N-Acetyl-D-glucosamine 6-phosphate STD [M-H2O+H]+,284.05297526312
12.6864426714557,C12H29N2O16P2+,D-Glucosamine 6-phosphate STD [2M+H]+,519.09868253065
11.0207422955976,C18H33N4O10+,gamma-Glutamyl-2-aminobutyrate STD [2M+H]+,465.21911969089
3.86052799383857,C42H61O8+,Corticosterone STD [2M+H]+,693.43609532857
13.6412861984807,C7H19NO10P+,Sedoheptulose-7-phosphate STD [M+NH4]+,308.07410885849
15.068658806495,C9H15N2NaO15P3+,UTP STD [M+Na]+,506.95774837309
12.3589679122388,C18H31N6O12+,Glutamyl-glycyl-glycine STD [2M+H]+,523.19944687561
11.6207403192906,C14H22N2NaO10+,N-Acetyl-glutamate STD [2M+Na]+,401.11666560929
14.4202042239607,C6H14NaO14P2+,Phosphoglycerate STD [2M+Na]+,394.97509908193
15.561003021797,C18H33N6O28P6+,CTP STD [2M+H]+,966.97630063257
9.78126570740544,C10H13N5NaO5+,8-Oxo-2-deoxyguanosine STD [M+Na]+,306.08088923789
15.4416286980729,C16H25N5NaO16P2+,GDP-glucose STD [M+Na]+,628.06637369705
11.3475737734966,C6H11N2O2+,Ectoine STD [M+H]+,143.08150103218
9.67426410132734,C16H27N6O4+,Dimethyl-histidine STD [2M+H]+,367.20882979113
12.923363349643,C28H53N8O22P4+,CDP-choline STD [2M+H]+,977.22193830481
12.662032477547,C18H30N5O18P2+,UMP STD [2M+NH4]+,666.10555881617
11.5232894889783,C7H18NO6+,Pinitol STD [M+NH4]+,212.11286371825
11.1319374303937,C7H14NaO6+,Pinitol STD [M+Na]+,217.06825972032
15.3762906740744,C7H16NO2+,Acetylcholine STD [M+H]+,146.11755517601
12.7102751320631,C6H10NO5+,Acetyl-aspartate STD [M+H]+,176.05534884269
6.92219906774817,C32H40NO18+,3-Caffeoylquinic acid (Chlorogenic acid) STD [2M+NH4]+,726.22398985697
6.83461405884115,C32H36NaO18+,3-Caffeoylquinic acid (Chlorogenic acid) STD [2M+Na]+,731.17938500417
13.2767285179565,C6H8NO4+,Acetyl-aspartate STD [M-H2O+H]+,158.04478415913
9.3,C27H31O16+,Rutin STD [M+H]+,611.16066132505
5.09116514766473,C14H21N2O6+,Indican STD [M+NH4]+,313.13941281905
4.62079607453871,C25H28NO12+,"3,5-Dicaffeoylquinic acid (Isochlorogenic acid A) STD [M+NH4]+",534.16060175561
11.4938403830352,C14H29BNO12+,Pinitol STD [2M+B+NH4]+,414.17773218761
7.52854114035031,C4H8NO3+,Acetyl-glycine STD [M+H]+,118.04986953957
11.2193559004113,[C11H20N6O4]2+,1-Methyladenosine STD [M+H+NH4]2+,150.07675299361
10.4711225906163,C10H19N2O5S+,Glutamyl-methionine STD [M+H]+,279.10091913549
8.79125410730823,C10H23N2O4S2+,Methionine STD [2M+H]+,299.10937564393
10.4772907295058,[C23H40N7O17P3S]2+,Acetyl-CoA STD [M+2H]2+,405.57016328815
9.64644477181748,C20H37N4O10S2+,Glutamyl-methionine STD [2M+H]+,557.19456181889
5.78196079108531,C4H5N2O2+,Uracil STD [M+H]+,113.03455382881
12.5193474581187,C8H15N2O8+,Aspartate STD [2M+H]+,267.08229186617
13.2511919199345,C12H26N6NaO6+,Citrulline STD [2M+Na]+,373.18060327825
4.37219303494659,C20H29N4O10+,Thymidine STD [2M+H]+,485.18781956289
4.70721644832685,C10H14N2NaO5+,Thymidine STD [M+Na]+,265.07949225549
10.1410217947371,C5H12NaO5+,Arabitol STD [M+Na]+,175.05769418189
4.74363000559566,C10H13N2O4+,Thymidine STD [M-H2O+H]+,225.08698332393
4.07653431471471,C26H42NO4+,Glycochenodeoxycholate STD [M-H2O+H]+,432.31083524713
4.09336215886393,C14H17N8O4+,Dimethyl-xanthine STD [2M+H]+,361.13672748073
6.28107788370975,C10H13N4O4+,"Deoxyinosine MS,Thymine STD [2M+H]+",253.09313133353
3.13795111721167,C48H68NO14+,Schizandrin STD [2M+NH4]+,882.46343227473
15.4384942841889,C24H43O21+,Maltotetraose STD [M+H]+,667.22913480685
11.9859257030409,C16H37N12O8+,Creatine STD [4M+H]+,525.28518261817
12.6016126168978,C12H28N9O6+,Creatine STD [3M+H]+,394.21570607665
3.42472631490013,C21H31O4+,Corticosterone STD [M+H]+,347.22168589033
7.91421627306588,C7H18NO6+,Methylglucoside STD [M+NH4]+,212.11286371825
5.75070130596722,C20H24NO9+,cis-Resveratrol-glucuronides STD [M+NH4]+,422.14455776893
11.0007784827862,C7H12N3O3+,Glutaminyl-glycine STD [M-H2O+H]+,186.08731767717
4.7647415717946,C7H12N3O+,Acetyl-histamine STD [M+H]+,154.09748843805
10.1,C6H12NO4+,N-Methyl-glutamate STD [M+H]+,162.07608428713
5.09524110279184,C7H6NO+,Anthranilate STD [M-H2O+H]+,120.04439023645
8.9820312648696,C4H10NO2Se+,Se-Methyl-L-selenocysteine STD [M+H]+,183.98712280684
8.9820312648696,C8H19N2O4Se2+,Se-Methyl-L-selenocysteine STD [2M+H]+,366.96697611593
9.13374639571001,C9H17O4+,Azelaic acid STD [M+H]+,189.11213544233
8.99450173667629,C9H15O3+,Azelaic acid STD [M-H2O+H]+,171.10157075877
9.05425859578835,C9H20NO4+,Azelaic acid STD [M+NH4]+,206.13868454313
12.5984381312335,C6H10N3O2S+,L-2-Thiohistidine STD [M+H]+,188.04882399361
14.0971816143992,C12H19N6O4S2+,L-2-Thiohistidine STD [2M+H]+,375.09037153513
12.0870900256017,C18H28N9O6S3+,L-2-Thiohistidine STD [3M+H]+,562.13191907665
12.32728638425,C24H37N12O8S4+,L-2-Thiohistidine STD [4M+H]+,749.17346661817
11.2431421045052,C7H15O6+,Pinitol STD [M+H]+,195.08631461745
8.78419878631847,C14H28NaO12+,Methylglucoside STD [2M+Na]+,411.14729703081
7.78389322684073,C14H29BNO12+,Methylglucoside STD [2M+B+NH4]+,414.17773218761
9.48481374549001,C27H30NaO16+,Rutin STD [M+Na]+,633.14260557305
10.1249183740906,C7H12NaO6+,Quinic acid STD [M+Na]+,215.05260880145
7.80740636706682,C16H18NaO9+,3-Caffeoylquinic acid (Chlorogenic acid) STD [M+Na]+,377.08430285213
3.06138107995371,C20H33O2+,Arachidonic acid STD [M+H]+,305.24750671521
4.74603752602855,C25H24NaO12+,"3,5-Dicaffeoylquinic acid (Isochlorogenic acid A) STD [M+Na]+",539.11599690281
12.0598542865511,C36H61N12O8S4+,Ergothioneine STD [4M+H]+,917.36126738617
6.84126195936048,C14H29N4O6+,Valyl-glycine STD [2M+H]+,349.20816108465
9.44853739383343,C10H12N4NaO6+,Xanthosine STD [M+Na]+,307.0649132011
9.48608901881499,C20H24N8NaO12+,Xanthosine STD [2M+Na]+,591.14058894121
11,C10H16N3O5+,3-methylcytidine STD [M+H]+,258.10844704429
6.70458125952468,C11H16N5O5+,O6-Methylguanosine STD [M+H]+,298.11459505389
16,C13H25N6O6+,Glutamyl-arginine-glycine STD [M+H]+,361.18300896625
10.6803356120271,C13H18N6NaO5S+,S-adenosyl-cysteine STD [M+Na]+,393.09515940269
9.63642398739919,C30H37N12O18+,Xanthosine STD [3M+H]+,853.23432881377
11.0908914895392,C9H16N2NaO5+,gamma-Glutamyl-2-aminobutyrate STD [M+Na]+,255.09514231949
9.81208295065021,C20H26N10NaO10+,8-Oxo-2-deoxyguanosine STD [2M+Na]+,589.17255777569
6.25321835550752,C42H55N6O6+,Trimethyl-tryptophan (Hypaphorine) STD [3M+H]+,739.41775992625
23.3125697421252,C6H13N2Na2O2+,Lysine STD [M+2Na-H]+,191.07669264481
4.81773385858653,C7H16NO3+,"2-[(2-Hydroxyethyl)(methyl)amino]ethyl acetate STD,2-Hydroxyethyl butylcarbamate STD [M+H]+",162.11246979557
11.2682871927243,C8H5Na2O4+,Phthalic acid STD [M+2Na-H]+,210.99777361833
13.9548348435969,C3H11N2O5S2+,Cysteine-S-sulfate STD [M+NH4]+,219.01038987949
14.3472687023811,C11H18N3O8+,Glutamyl-aspartate-glycine STD [M+H]+,320.10884096697
11.877967103907,C20H46N15O10+,Creatine STD [5M+H]+,656.35465915969
12.7258188840995,C16H41N12O20P4+,Phosphocreatine STD [4M+H]+,845.15050470089
11.832888555248,C20H26N7O6+,5-Methyltetrahydrofolic acid STD [M+H]+,460.19390800305
12.0404880396311,C24H55N18O12+,Creatine STD [6M+H]+,787.42413570121
15.51259941748,C24H41O20+,Maltotetraose STD [M-H2O+H]+,649.21857012329
19.9654461232331,[C13H22N6O3S]2+,S-adenosyl-3-thiopropylamine STD [M+2H]2+,171.07315299149
2.97736171146393,C27H43+,7-Dehydrocholesterol STD [M-H2O+H]+,367.33592525687
3.87312837878479,C28H45O+,Vitamin D2 (Ergocalciferol) STD [M+H]+,397.34649247965
9,C10H14N5O5+,8-Oxo-2-deoxyguanosine STD [M+H]+,284.09894498989
9.80655151661635,C30H40N15O15+,8-Oxo-2-deoxyguanosine STD [3M+H]+,850.28228206549
8.53064086255814,C8H11N6O2+,Cytosine STD [2M+H]+,223.09380004001
27.4,C8H12NO2+,Dopamine STD [M+H]+,154.08625504801
12.160445610222,C6H9NNaO5+,Acetyl-aspartate STD [M+Na]+,198.03729309069
12.3867695736429,C12H18N2NaO10+,Acetyl-aspartate STD [2M+Na]+,373.08536548129
8.18062700543297,C30H32NO12+,Epicatechin STD [2M+NH4]+,598.19190188361
4.07190643635659,C16H13O5+,Acacetin STD [M+H]+,285.07574993389
6.32425978531417,C22H29N8O10+,2-O-Methyl-inosine STD [2M+H]+,565.20011558209
12.7,C9H12NO4+,"3,4-Dihydroxyphenylalanine STD [M+H]+",198.07608428713
4.2335038812552,C8H11N4S2+,Methimazole STD (Methimazole disulfide? [2M-H]+) [2M+H]+,227.04196479129
7.04616896576635,C3H5N2S+,2-Mercaptoimidazole STD [M+H]+,101.01679558969
6.6793065268679,C6H7N4S2+,2-Mercaptoimidazole STD (2-Mercaptoimidazole disulfide [2M-H]+) [2M+H]+,199.01066466329
11.1290601959298,C11H19NNaO9+,N-Acetylneuraminate STD [M+Na]+,332.09520188893
4.90950802659651,C4H7N2O2+,"N-Methylhydantoin MS,Dihydrouracil STD [M+H]+",115.05020389281
5.4,C12H23O4+,Dodecanedioic acid STD [M+H]+,231.15908563433
12.6618540561021,C16H33N4O6+,N2-Acetyl-lysine STD [2M+H]+,377.23946121265
8.23061106396162,C14H25N4O8+,N-Acetyl-L-glutamine STD [2M+H]+,377.16669019577
13.4306937025503,C8H17N2O4S2+,Homocystine STD [M+H]+,269.06242545193
12.721250140885,C16H33N4O8S4+,Homocystine STD [2M+H]+,537.11757445177
2.80001128207467,C26H33N4O4+,Melatonin STD [2M+H]+,465.24963197353
4.84658692799119,C7H8NO2+,Anthranilate STD [M+H]+,138.05495492001
11.4203075460455,C11H13N2O3+,5-Hydroxy-L-tryptophan STD [M+H]+,221.09206870437
13.3461602350804,C10H41N5O20P5+,O-Phosphoethanolamine STD [5M+H]+,706.10274829729
12.85230123224,C6H15N6O4+,Guanidinoacetate STD [2M+H]+,235.11492940713
4.91147585990429,C14H16N8NaO4+,Dimethyl-xanthine STD [2M+Na]+,383.11867172873
13.2051385909081,C9H13N3O7P+,CMP STD [M-H2O+H]+,306.04856281741
15.1233921849508,C10H14N5O10P2+,GDP STD [M-H2O+H]+,426.02104134769
11.1781872143345,C22H38N2NaO18+,N-Acetylneuraminate STD [2M+Na]+,641.20118307777
25.4114762425415,C4H12N5+,Metformin STD [M+H]+,130.10872182809
11.8758059094376,C8H18N2NaO6S2+,PIPES STD [M+Na]+,325.04984900305
12.6293985239591,C9H10NO3+,"3,4-Dihydroxyphenylalanine STD [M-H2O+H]+",180.06551960357
15.2398458240401,C20H31N10O22P4+,GDP STD [2M+H]+,887.05593561041
11.6943108075135,C6H12N3O4+,Asparginyl-glycine STD [M+H]+,190.08223229673
9.1481615520513,C29H25O12+,Theaflavin STD [M+H]+,565.13405265481
7.5318737707222,C29H28NO12+,Theaflavin STD [M+NH4]+,582.16060175561
7.7124711032272,C29H24NaO12+,Theaflavin STD [M+Na]+,587.11599690281
2.98116095799573,C13H20N3O2+,Melatonin STD [M+NH4]+,250.15500331361
3.62347334851438,C13H16N2NaO2+,Melatonin STD [M+Na]+,255.11039846081
4.4787078052034,C40H44NaO16+,Polydatin STD [2M+Na]+,803.25215602105
2.61790133515864,C28H41N2O9+,Antimycin A1 STD [M+H]+,549.28065731773
9.6810236122256,C6H7N2O2S+,Thiourocanic acid STD [M+H]+,171.02227489281
5.5,C7H15N2O3S+,Methionyl-glycine STD [M+H]+,207.07978976837
30.8884032072882,C4H12N5+,Metformin STD [M+H]+,130.10872182809
28.1403333811617,C4H12N5+,Metformin STD [M+H]+,130.10872182809
3.59461032248474,C42H61O10+,Cortisol/Hydrocortisone STD [2M+H]+,725.42592456769
5.68459235363736,C20H20NaO9+,cis-Resveratrol-glucuronides STD [M+Na]+,427.09995291613
13.5785842934746,C18H29N6O16P2+,CMP STD [2M+H]+,647.11097854985
9.63831358493798,C27H46N9O6+,Trimethyl-histidine (hercynine) STD [3M+H]+,592.35655665265
12.6262158529803,C7H4NO3+,Quinolinic acid STD [M-H2O+H]+,150.01856941157
21.3,C6H15N2O3+,Hydroxylysine STD [M+H]+,163.10771876837
5.44186133020597,C4H9N2O3+,Glycyl-glycine STD [M+H]+,133.06076857637
4.58505363899823,C24H36NO7+,Schizandrin STD [M+NH4]+,450.24862891381
3.51205627772678,C21H29O3+,Corticosterone STD [M-H2O+H]+,329.21112120677
4.16585503364129,C8H15NNaO3+,"Hexanoyl Glycine STD,Isovalerylsarcosine STD [M+Na]+",196.09441404357
13.8192733856431,C10H16KN5O13P3+,ATP STD [M+K]+,545.95890358037
5.50864885764219,C11H13NNaO4+,Acetyl-tyrosine STD [M+Na]+,246.07367859913
5.5,C13H16N3O3+,Tryptophyl-glycine STD [M+H]+,262.11861780517
12.593126395571,C16H29N4O12+,Glutamyl-serine STD [2M+H]+,469.17764880201
4.4359191155002,C22H26N2NaO8+,Acetyl-tyrosine STD [2M+Na]+,469.15813649817
3.3180248995506,C59H94NO4+,Coenzyme Q10 STD [M+NH4]+,880.71773691113
13.468512711901,C19H20N7O6+,Folic acid STD [M+H]+,442.14695781105
9.1537545048557,C22H41N4O10+,Glutamyl-(iso)leucine STD [2M+H]+,521.28171994689
12.721270910912,C22H39N6O14+,Glutamyl-threonyl-glycine STD [2M+H]+,611.25187637073
11.786462382221,C20H37N8O12S4+,Cysteinylglycine disulfide STD [2M+H]+,709.14082907721
16.65242030207,C13H25N4O6+,Glutamyl-lysine-glycine STD [M+H]+,333.17686095665
8.6781220360886,C32H43N6O12+,Glutamyl-phenylalanyl-glycine STD [2M+H]+,703.29334725961
9.9026363274393,C18H23N4O6+,Glutamyl-tryptophan-glycine STD [M+H]+,391.16121089265
9.9026363274393,C36H45N8O12+,Glutamyl-tryptophan-glycine STD [2M+H]+,781.31514533321
3.8992020595641,C11H17N2O5+,5-O-Methylthymidine STD [M+H]+,257.11319807149
9.7497111139397,C32H39N6O10+,Glutamyl-tryptophan STD [2M+H]+,667.27221789249
14.656398968573,C18H29N4O14+,Glutamyl-aspartate STD [2M+H]+,525.16747804113
14.4918517341,C20H33N4O14+,Glutamyl-glutamate STD [2M+H]+,553.19877816913
7.1935837915226,C5H11N2O3S+,Cysteinyl-glycine STD [M+H]+,179.04848964037
15.360591751317,C24H52N15O9+,Arginyl-glycine STD [3M+H]+,694.40669473213
15.360591751317,C16H35N10O6+,Arginyl-glycine STD [2M+H]+,463.27355530545
6.810219959651,C22H29N4O8+,Tyrosyl-glycine STD [2M+H]+,477.19799032377
9.8647808614205,C22H19O10+,Catechin gallate STD [M+H]+,443.09727322369
10.342780401413,C6H11NNaO2+,L-Pipecolate STD [M+Na]+,152.06819929601
3.3115598133232,C24H33O7+,Schizandrin STD [M+H]+,433.22207981301
12.012383967411,C18H33N4O12+,Glutamyl-threonine STD [2M+H]+,497.20894893001
5.4454542525261,C22H27N2O8+,Acetyl-tyrosine STD [2M+H]+,447.17619225017
3.5062535288228,C42H57BNO10+,Aldosterone STD [2M+B+NH4]+,746.40700384449
3.5062535288228,C42H57O10+,Aldosterone STD [2M+H]+,721.39462443969
17.334174378785,C8H18NO3+,Lactoylcholine STD [M+H]+,176.12811908059
6.1850475016427,C24H35N2O4+,N-trimethyl-phenylalanine STD [2M+H]+,415.25913402793
