Monoisotopic ion mass (singly charged),Name,Ion type,Formula for M or subunit or sequence,Compound ID or species,Possible origin and other comments ,ESI,MALDI,References
26.00362, f-,f-,CN,,Fragment from acetonitrile ,,,F
44.9982, [M-H]-,[M-H]-,HCOOH,,"Formic acid, FA (anion)",,,F
59.01385, [M-H]-,[M-H]-,CH3COOH,,"Acetic Acid, Ac (anion)",,,F
78.95906, [M-H3O]-,[M-H3O]-,H3PO4,,"Phosphoric acid (phosphate, anion) also from oligonucleotides or phosphopeptides",,,F
79.95737, [M-H2O]-,[M-H2O]-,H2SO4,,"Sulfuric acid (sulfate, anion) also from other sulfated materials",,,F
94.98084, [M-H]-,[M-H]-,CH3SO3H,,"Methanesulfuric acid (methanesulfonate, anion)",,,F
96.96011, [M-H]-,[M-H]-,H2SO4,,"Sulfuric acid (sulfate, anion)",,,F
96.96962, [M-H]-,[M-H]-,H3PO4,,"Phosphoric acid (phosphate, anion) also from oligonucleotides or phosphopeptides",,,F
112.98559, [M-H]-,[M-H]-,CF3COOH,,"Trifluoroacetic acid, TFA (anion)",,,F
112.98563, [M2+Na-2H]-,[M2+Na-2H]-,HCOOH,,"Formic acid, dimer, FA (anion)",,,F
126.90502, A-,A-,I,,Iodine anion (Iodide),,,V
162.9824, [M-H]-,[M-H]-,CF3CF2COOH,,"Pentafluoropropionic acid, Perfluoropropionic acid",,,E
212.07507, [M-H]-,[M-H]-,C10H15NO2S,,n-butyl benzenesulfonamide,,,"A, K"
226.97845, [M2-H]-,[M2-H]-,CF3COOH,,"Trifluoroacetic acid, TFA (anion)",,,A
248.9604, [M2+Na-2H]-,[M2+Na-2H]-,CF3COOH,,"Trifluoroacetic acid, TFA, sodiated (anion)",,,A
255.23295, [M-H]-,[M-H]-,C16H32O2,,Palmitic acid (carboxylate anion) C16:0,,,K
281.2486, [M-H]-,[M-H]-,C18H34O2,,Oleic acid (carboxylate anion) C18:1,,,K
283.26425, [M-H]-,[M-H]-,C18H36O2,,Stearic acid (carboxylate anion) 18:0,,,K
316.7391, [63CuI+I]-,[63CuI+I]-,CuI,,Copper catalyst iodide adduct,,,K
318.73729, [65CuI+I]-,[65CuI+I]-,CuI,,Copper catalyst iodide adduct,,,K
,,,,,,,,
153.019332,C7H5O4-,,,,,,,
153.055717,C8H9O3-,,,,,,,
153.092102,C7H5O4-,,,,,,,
153.128487,C8H9O3-,,,,,,,
153.164872,C7H5O4-,,,,,,,
153.201257,C8H9O3-,,,,,,,
153.237642,C7H5O4-,,,,,,,
153.274027,C8H9O3-,,,,,,,
153.310412,C7H5O4-,,,,,,,
153.346797,C8H9O3-,,,,,,,
153.383182,C7H5O4-,,,,,,,
153.419567,C8H9O3-,,,,,,,
153.455952,C7H5O4-,,,,,,,
153.492337,C8H9O3-,,,,,,,
153.528722,C7H5O4-,,,,,,,
153.565107,C8H9O3-,,,,,,,
153.601492,C7H5O4-,,,,,,,
153.637877,C8H9O3-,,,,,,,
153.674262,C7H5O4-,,,,,,,
153.710647,C8H9O3-,,,,,,,
153.747032,C7H5O4-,,,,,,,
153.783417,C8H9O3-,,,,,,,
153.819802,C7H5O4-,,,,,,,
171.139053,C10H19O2-,,,,,,,
181.014247,C8H5O5-,,,,,,,
181.050632,C9H9O4-,,,,,,,
181.087017,C10H13O3-,,,,,,,
181.123403,C11H17O2-,,,,,,,
182.993511,C7H3O6-,,,,,,,
183.029897,C8H7O5-,,,,,,,
183.066282,C9H11O4-,,,,,,,
183.102667,C10H15O3-,,,,,,,
183.139053,C11H19O2-,,,,,,,
185.009161,C7H5O6-,,,,,,,
185.045547,C8H9O5-,,,,,,,
185.081932,C9H13O4-,,,,,,,
185.118317,C10H17O3-,,,,,,,
185.154703,C11H21O2-,,,,,,,
194.993511,C8H3O6-,,,,,,,
195.029897,C9H7O5-,,,,,,,
195.066282,C10H11O4-,,,,,,,
195.102667,C11H15O3-,,,,,,,
195.139053,C12H19O2-,,,,,,,
197.009161,C8H5O6-,,,,,,,
197.045547,C9H9O5-,,,,,,,
197.081932,C10H13O4-,,,,,,,
197.118317,C11H17O3-,,,,,,,
197.154703,C12H21O2-,,,,,,,
198.988426,C7H3O7-,,,,,,,
199.024811,C8H7O6-,,,,,,,
199.061196,C9H11O5-,,,,,,,
199.097582,C10H15O4-,,,,,,,
199.133967,C11H19O3-,,,,,,,
199.170353,C12H23O2-,,,,,,,
209.009161,C9H5O6-,,,,,,,
209.045547,C10H9O5-,,,,,,,
209.081932,C11H13O4-,,,,,,,
209.118317,C12H17O3-,,,,,,,
209.154703,C13H21O2-,,,,,,,
210.988426,C8H3O7-,,,,,,,
211.024811,C9H7O6-,,,,,,,
211.061196,C10H11O5-,,,,,,,
211.097582,C11H15O4-,,,,,,,
211.133967,C12H19O3-,,,,,,,
211.170353,C13H23O2-,,,,,,,
213.004076,C8H5O7-,,,,,,,
213.040461,C9H9O6-,,,,,,,
213.076847,C10H13O5-,,,,,,,
213.113232,C11H17O4-,,,,,,,
213.149617,C12H21O3-,,,,,,,
213.186003,C13H25O2-,,,,,,,
222.988426,C9H3O7-,,,,,,,
223.024811,C10H7O6-,,,,,,,
223.061196,C11H11O5-,,,,,,,
223.097582,C12H15O4-,,,,,,,
223.133967,C13H19O3-,,,,,,,
223.170353,C14H23O2-,,,,,,,
225.004076,C9H5O7-,,,,,,,
225.040461,C10H9O6-,,,,,,,
225.076847,C11H13O5-,,,,,,,
225.113232,C12H17O4-,,,,,,,
225.149617,C13H21O3-,,,,,,,
225.186003,C14H25O2-,,,,,,,
226.98334,C8H3O8-,,,,,,,
227.019726,C9H7O7-,,,,,,,
227.056111,C10H11O6-,,,,,,,
227.092497,C11H15O5-,,,,,,,
227.128882,C12H19O4-,,,,,,,
227.165267,C13H23O3-,,,,,,,
227.201653,C14H27O2-,,,,,,,
237.004076,C10H5O7-,,,,,,,
237.040461,C11H9O6-,,,,,,,
237.076847,C12H13O5-,,,,,,,
237.113232,C13H17O4-,,,,,,,
237.149617,C14H21O3-,,,,,,,
237.186003,C15H25O2-,,,,,,,
238.98334,C9H3O8-,,,,,,,
239.019726,C10H7O7-,,,,,,,
239.056111,C11H11O6-,,,,,,,
239.092497,C12H15O5-,,,,,,,
239.128882,C13H19O4-,,,,,,,
239.165267,C14H23O3-,,,,,,,
239.201653,C15H27O2-,,,,,,,
240.99899,C9H5O8-,,,,,,,
241.035376,C10H9O7-,,,,,,,
241.071761,C11H13O6-,,,,,,,
241.108147,C12H17O5-,,,,,,,
241.144532,C13H21O4-,,,,,,,
241.180917,C14H25O3-,,,,,,,
241.217303,C15H29O2-,,,,,,,
250.98334,C10H3O8-,,,,,,,
251.019726,C11H7O7-,,,,,,,
251.056111,C12H11O6-,,,,,,,
251.092497,C13H15O5-,,,,,,,
251.128882,C14H19O4-,,,,,,,
251.165267,C15H23O3-,,,,,,,
251.201653,C16H27O2-,,,,,,,
252.99899,C10H5O8-,,,,,,,
253.035376,C11H9O7-,,,,,,,
253.071761,C12H13O6-,,,,,,,
253.108147,C13H17O5-,,,,,,,
253.144532,C14H21O4-,,,,,,,
253.180917,C15H25O3-,,,,,,,
253.217303,C16H29O2-,,,,,,,
254.978255,C9H3O9-,,,,,,,
255.01464,C10H7O8-,,,,,,,
255.051026,C11H11O7-,,,,,,,
255.087411,C12H15O6-,,,,,,,
255.123797,C13H19O5-,,,,,,,
255.160182,C14H23O4-,,,,,,,
255.196567,C15H27O3-,,,,,,,
255.232953,C16H31O2-,,,,,,,
264.99899,C11H5O8-,,,,,,,
265.035376,C12H9O7-,,,,,,,
265.071761,C13H13O6-,,,,,,,
265.108146,C14H17O5-,,,,,,,
265.144532,C15H21O4-,,,,,,,
265.180917,C16H25O3-,,,,,,,
265.217303,C17H29O2-,,,,,,,
266.978255,C10H3O9-,,,,,,,
267.01464,C11H7O8-,,,,,,,
267.051026,C12H11O7-,,,,,,,
267.087411,C13H15O6-,,,,,,,
267.123797,C14H19O5-,,,,,,,
267.160182,C15H23O4-,,,,,,,
267.196567,C16H27O3-,,,,,,,
267.232953,C17H31O2-,,,,,,,
268.993905,C10H5O9-,,,,,,,
269.03029,C11H9O8-,,,,,,,
269.066676,C12H13O7-,,,,,,,
269.103061,C13H17O6-,,,,,,,
269.139446,C14H21O5-,,,,,,,
269.175832,C15H25O4-,,,,,,,
269.212217,C16H29O3-,,,,,,,
269.248603,C17H33O2-,,,,,,,
278.978255,C11H3O9-,,,,,,,
279.01464,C12H7O8-,,,,,,,
279.051026,C13H11O7-,,,,,,,
279.087411,C14H15O6-,,,,,,,
279.123797,C15H19O5-,,,,,,,
279.160182,C16H23O4-,,,,,,,
279.196567,C17H27O3-,,,,,,,
279.232953,C18H31O2-,,,,,,,
280.993905,C11H5O9-,,,,,,,
281.03029,C12H9O8-,,,,,,,
281.066676,C13H13O7-,,,,,,,
281.103061,C14H17O6-,,,,,,,
281.139446,C15H21O5-,,,,,,,
281.175832,C16H25O4-,,,,,,,
281.212217,C17H29O3-,,,,,,,
281.248603,C18H33O2-,,,,,,,
282.973169,C10H3O10-,,,,,,,
283.009555,C11H7O9-,,,,,,,
283.04594,C12H11O8-,,,,,,,
283.082326,C13H15O7-,,,,,,,
283.118711,C14H19O6-,,,,,,,
283.155097,C15H23O5-,,,,,,,
283.191482,C16H27O4-,,,,,,,
283.227867,C17H31O3-,,,,,,,
283.264253,C18H35O2-,,,,,,,
292.993905,C12H5O9-,,,,,,,
293.03029,C13H9O8-,,,,,,,
293.066676,C14H13O7-,,,,,,,
293.103061,C15H17O6-,,,,,,,
293.139446,C16H21O5-,,,,,,,
293.175832,C17H25O4-,,,,,,,
293.212217,C18H29O3-,,,,,,,
293.248603,C19H33O2-,,,,,,,
294.973169,C11H3O10-,,,,,,,
295.009555,C12H7O9-,,,,,,,
295.04594,C13H11O8-,,,,,,,
295.082326,C14H15O7-,,,,,,,
295.118711,C15H19O6-,,,,,,,
295.155097,C16H23O5-,,,,,,,
295.191482,C17H27O4-,,,,,,,
295.227867,C18H31O3-,,,,,,,
295.264253,C19H35O2-,,,,,,,
296.988819,C11H5O10-,,,,,,,
297.025205,C12H9O9-,,,,,,,
297.06159,C13H13O8-,,,,,,,
297.097976,C14H17O7-,,,,,,,
297.134361,C15H21O6-,,,,,,,
297.170747,C16H25O5-,,,,,,,
297.207132,C17H29O4-,,,,,,,
297.243517,C18H33O3-,,,,,,,
297.279903,C19H37O2-,,,,,,,
306.973169,C12H3O10-,,,,,,,
307.009555,C13H7O9-,,,,,,,
307.04594,C14H11O8-,,,,,,,
307.082326,C15H15O7-,,,,,,,
307.118711,C16H19O6-,,,,,,,
307.155097,C17H23O5-,,,,,,,
307.191482,C18H27O4-,,,,,,,
307.227867,C19H31O3-,,,,,,,
307.264253,C20H35O2-,,,,,,,
308.988819,C12H5O10-,,,,,,,
309.025205,C13H9O9-,,,,,,,
309.06159,C14H13O8-,,,,,,,
309.097976,C15H17O7-,,,,,,,
309.134361,C16H21O6-,,,,,,,
309.170747,C17H25O5-,,,,,,,
309.207132,C18H29O4-,,,,,,,
309.243517,C19H33O3-,,,,,,,
309.279903,C20H37O2-,,,,,,,
310.968084,C11H3O11-,,,,,,,
311.00447,C12H7O10-,,,,,,,
311.040855,C13H11O9-,,,,,,,
311.07724,C14H15O8-,,,,,,,
311.113626,C15H19O7-,,,,,,,
311.150011,C16H23O6-,,,,,,,
311.186397,C17H27O5-,,,,,,,
311.222782,C18H31O4-,,,,,,,
311.259167,C19H35O3-,,,,,,,
311.295553,C20H39O2-,,,,,,,
320.988819,C13H5O10-,,,,,,,
321.025205,C14H9O9-,,,,,,,
321.06159,C15H13O8-,,,,,,,
321.097976,C16H17O7-,,,,,,,
321.134361,C17H21O6-,,,,,,,
321.170747,C18H25O5-,,,,,,,
321.207132,C19H29O4-,,,,,,,
321.243517,C20H33O3-,,,,,,,
321.279903,C21H37O2-,,,,,,,
322.968084,C12H3O11-,,,,,,,
323.00447,C13H7O10-,,,,,,,
323.040855,C14H11O9-,,,,,,,
323.07724,C15H15O8-,,,,,,,
323.113626,C16H19O7-,,,,,,,
323.150011,C17H23O6-,,,,,,,
323.186397,C18H27O5-,,,,,,,
323.222782,C19H31O4-,,,,,,,
323.259167,C20H35O3-,,,,,,,
323.295553,C21H39O2-,,,,,,,
324.983734,C12H5O11-,,,,,,,
325.020119,C13H9O10-,,,,,,,
325.056505,C14H13O9-,,,,,,,
325.09289,C15H17O8-,,,,,,,
325.129276,C16H21O7-,,,,,,,
325.165661,C17H25O6-,,,,,,,
325.202046,C18H29O5-,,,,,,,
325.238432,C19H33O4-,,,,,,,
325.274817,C20H37O3-,,,,,,,
325.311203,C21H41O2-,,,,,,,
334.968084,C13H3O11-,,,,,,,
335.00447,C14H7O10-,,,,,,,
335.040855,C15H11O9-,,,,,,,
335.07724,C16H15O8-,,,,,,,
335.113626,C17H19O7-,,,,,,,
335.150011,C18H23O6-,,,,,,,
335.186397,C19H27O5-,,,,,,,
335.222782,C20H31O4-,,,,,,,
335.259167,C21H35O3-,,,,,,,
335.295553,C22H39O2-,,,,,,,
336.983734,C13H5O11-,,,,,,,
337.020119,C14H9O10-,,,,,,,
337.056505,C15H13O9-,,,,,,,
337.09289,C16H17O8-,,,,,,,
337.129276,C17H21O7-,,,,,,,
337.165661,C18H25O6-,,,,,,,
337.202047,C19H29O5-,,,,,,,
337.238432,C20H33O4-,,,,,,,
337.274817,C21H37O3-,,,,,,,
337.311203,C22H41O2-,,,,,,,
338.962999,C12H3O12-,,,,,,,
338.999384,C13H7O11-,,,,,,,
339.03577,C14H11O10-,,,,,,,
339.072155,C15H15O9-,,,,,,,
339.10854,C16H19O8-,,,,,,,
339.144926,C17H23O7-,,,,,,,
339.181311,C18H27O6-,,,,,,,
339.217696,C19H31O5-,,,,,,,
339.254082,C20H35O4-,,,,,,,
339.290467,C21H39O3-,,,,,,,
339.326853,C22H43O2-,,,,,,,
348.983734,C14H5O11-,,,,,,,
349.020119,C15H9O10-,,,,,,,
349.056505,C16H13O9-,,,,,,,
349.09289,C17H17O8-,,,,,,,
349.129276,C18H21O7-,,,,,,,
349.165661,C19H25O6-,,,,,,,
349.202047,C20H29O5-,,,,,,,
349.238432,C21H33O4-,,,,,,,
349.274817,C22H37O3-,,,,,,,
349.311203,C23H41O2-,,,,,,,
350.962999,C13H3O12-,,,,,,,
350.999384,C14H7O11-,,,,,,,
351.03577,C15H11O10-,,,,,,,
351.072155,C16H15O9-,,,,,,,
351.10854,C17H19O8-,,,,,,,
351.144926,C18H23O7-,,,,,,,
351.181311,C19H27O6-,,,,,,,
351.217696,C20H31O5-,,,,,,,
351.254082,C21H35O4-,,,,,,,
351.290467,C22H39O3-,,,,,,,
351.326853,C23H43O2-,,,,,,,
352.978649,C13H5O12-,,,,,,,
353.015034,C14H9O11-,,,,,,,
353.05142,C15H13O10-,,,,,,,
353.087805,C16H17O9-,,,,,,,
353.12419,C17H21O8-,,,,,,,
353.160576,C18H25O7-,,,,,,,
353.196961,C19H29O6-,,,,,,,
353.233347,C20H33O5-,,,,,,,
353.269732,C21H37O4-,,,,,,,
353.306117,C22H41O3-,,,,,,,
353.342503,C23H45O2-,,,,,,,
362.999384,C15H7O11-,,,,,,,
363.03577,C16H11O10-,,,,,,,
363.072155,C17H15O9-,,,,,,,
363.10854,C18H19O8-,,,,,,,
363.144926,C19H23O7-,,,,,,,
363.181311,C20H27O6-,,,,,,,
363.217696,C21H31O5-,,,,,,,
363.254082,C22H35O4-,,,,,,,
363.290467,C23H39O3-,,,,,,,
363.326853,C24H43O2-,,,,,,,
364.978649,C14H5O12-,,,,,,,
365.015034,C15H9O11-,,,,,,,
365.05142,C16H13O10-,,,,,,,
365.087805,C17H17O9-,,,,,,,
365.12419,C18H21O8-,,,,,,,
365.160576,C19H25O7-,,,,,,,
365.196961,C20H29O6-,,,,,,,
365.233347,C21H33O5-,,,,,,,
365.269732,C22H37O4-,,,,,,,
365.306117,C23H41O3-,,,,,,,
365.342503,C24H45O2-,,,,,,,
366.957913,C13H3O13-,,,,,,,
366.994299,C14H7O12-,,,,,,,
367.030684,C15H11O11-,,,,,,,
367.06707,C16H15O10-,,,,,,,
367.103455,C17H19O9-,,,,,,,
367.13984,C18H23O8-,,,,,,,
367.176226,C19H27O7-,,,,,,,
367.212611,C20H31O6-,,,,,,,
367.248996,C21H35O5-,,,,,,,
367.285382,C22H39O4-,,,,,,,
367.321767,C23H43O3-,,,,,,,
367.358153,C24H47O2-,,,,,,,
376.978649,C15H5O12-,,,,,,,
377.015034,C16H9O11-,,,,,,,
377.05142,C17H13O10-,,,,,,,
377.087805,C18H17O9-,,,,,,,
377.12419,C19H21O8-,,,,,,,
377.160576,C20H25O7-,,,,,,,
377.196961,C21H29O6-,,,,,,,
377.233347,C22H33O5-,,,,,,,
377.269732,C23H37O4-,,,,,,,
377.306117,C24H41O3-,,,,,,,
377.342503,C25H45O2-,,,,,,,
378.994299,C15H7O12-,,,,,,,
379.030684,C16H11O11-,,,,,,,
379.06707,C17H15O10-,,,,,,,
379.103455,C18H19O9-,,,,,,,
379.13984,C19H23O8-,,,,,,,
379.176226,C20H27O7-,,,,,,,
379.212611,C21H31O6-,,,,,,,
379.248996,C22H35O5-,,,,,,,
379.285382,C23H39O4-,,,,,,,
379.321767,C24H43O3-,,,,,,,
379.358153,C25H47O2-,,,,,,,
380.973563,C14H5O13-,,,,,,,
381.009949,C15H9O12-,,,,,,,
381.046334,C16H13O11-,,,,,,,
381.082719,C17H17O10-,,,,,,,
381.119105,C18H21O9-,,,,,,,
381.15549,C19H25O8-,,,,,,,
381.191876,C20H29O7-,,,,,,,
381.228261,C21H33O6-,,,,,,,
381.264647,C22H37O5-,,,,,,,
381.301032,C23H41O4-,,,,,,,
381.337417,C24H45O3-,,,,,,,
381.373803,C25H49O2-,,,,,,,
390.994299,C16H7O12-,,,,,,,
391.030684,C17H11O11-,,,,,,,
391.06707,C18H15O10-,,,,,,,
391.103455,C19H19O9-,,,,,,,
391.13984,C20H23O8-,,,,,,,
391.176226,C21H27O7-,,,,,,,
391.212611,C22H31O6-,,,,,,,
391.248996,C23H35O5-,,,,,,,
391.285382,C24H39O4-,,,,,,,
391.321767,C25H43O3-,,,,,,,
391.358153,C26H47O2-,,,,,,,
392.973563,C15H5O13-,,,,,,,
393.009949,C16H9O12-,,,,,,,
393.046334,C17H13O11-,,,,,,,
393.082719,C18H17O10-,,,,,,,
393.119105,C19H21O9-,,,,,,,
393.15549,C20H25O8-,,,,,,,
393.191876,C21H29O7-,,,,,,,
393.228261,C22H33O6-,,,,,,,
393.264647,C23H37O5-,,,,,,,
393.301032,C24H41O4-,,,,,,,
393.337417,C25H45O3-,,,,,,,
393.373803,C26H49O2-,,,,,,,
394.989213,C15H7O13-,,,,,,,
395.025599,C16H11O12-,,,,,,,
395.061984,C17H15O11-,,,,,,,
395.098369,C18H19O10-,,,,,,,
395.134755,C19H23O9-,,,,,,,
395.17114,C20H27O8-,,,,,,,
395.207526,C21H31O7-,,,,,,,
395.243911,C22H35O6-,,,,,,,
395.280296,C23H39O5-,,,,,,,
395.316682,C24H43O4-,,,,,,,
395.353067,C25H47O3-,,,,,,,
395.389453,C26H51O2-,,,,,,,
404.973563,C16H5O13-,,,,,,,
405.009949,C17H9O12-,,,,,,,
405.046334,C18H13O11-,,,,,,,
405.082719,C19H17O10-,,,,,,,
405.119105,C20H21O9-,,,,,,,
405.15549,C21H25O8-,,,,,,,
405.191876,C22H29O7-,,,,,,,
405.228261,C23H33O6-,,,,,,,
405.264647,C24H37O5-,,,,,,,
405.301032,C25H41O4-,,,,,,,
405.337417,C26H45O3-,,,,,,,
405.373803,C27H49O2-,,,,,,,
406.989213,C16H7O13-,,,,,,,
407.025599,C17H11O12-,,,,,,,
407.061984,C18H15O11-,,,,,,,
407.098369,C19H19O10-,,,,,,,
407.134755,C20H23O9-,,,,,,,
407.17114,C21H27O8-,,,,,,,
407.207526,C22H31O7-,,,,,,,
407.243911,C23H35O6-,,,,,,,
407.280296,C24H39O5-,,,,,,,
407.316682,C25H43O4-,,,,,,,
407.353067,C26H47O3-,,,,,,,
407.389453,C27H51O2-,,,,,,,
408.968478,C15H5O14-,,,,,,,
409.004863,C16H9O13-,,,,,,,
409.041249,C17H13O12-,,,,,,,
409.077634,C18H17O11-,,,,,,,
409.114019,C19H21O10-,,,,,,,
409.150405,C20H25O9-,,,,,,,
409.18679,C21H29O8-,,,,,,,
409.223176,C22H33O7-,,,,,,,
409.259561,C23H37O6-,,,,,,,
409.295947,C24H41O5-,,,,,,,
409.332332,C25H45O4-,,,,,,,
409.368717,C26H49O3-,,,,,,,
418.989213,C17H7O13-,,,,,,,
419.025599,C18H11O12-,,,,,,,
419.061984,C19H15O11-,,,,,,,
419.098369,C20H19O10-,,,,,,,
419.134755,C21H23O9-,,,,,,,
419.17114,C22H27O8-,,,,,,,
419.207526,C23H31O7-,,,,,,,
419.243911,C24H35O6-,,,,,,,
419.280296,C25H39O5-,,,,,,,
419.316682,C26H43O4-,,,,,,,
419.353067,C27H47O3-,,,,,,,
419.389453,C28H51O2-,,,,,,,
420.968478,C16H5O14-,,,,,,,
421.004863,C17H9O13-,,,,,,,
421.041249,C18H13O12-,,,,,,,
421.077634,C19H17O11-,,,,,,,
421.114019,C20H21O10-,,,,,,,
421.150405,C21H25O9-,,,,,,,
421.18679,C22H29O8-,,,,,,,
421.223176,C23H33O7-,,,,,,,
421.259561,C24H37O6-,,,,,,,
421.295947,C25H41O5-,,,,,,,
421.332332,C26H45O4-,,,,,,,
421.368717,C27H49O3-,,,,,,,
422.984128,C16H7O14-,,,,,,,
423.020513,C17H11O13-,,,,,,,
423.056899,C18H15O12-,,,,,,,
423.093284,C19H19O11-,,,,,,,
423.129669,C20H23O10-,,,,,,,
423.166055,C21H27O9-,,,,,,,
423.20244,C22H31O8-,,,,,,,
423.238826,C23H35O7-,,,,,,,
423.275211,C24H39O6-,,,,,,,
423.311596,C25H43O5-,,,,,,,
423.347982,C26H47O4-,,,,,,,
423.384367,C27H51O3-,,,,,,,
432.968478,C17H5O14-,,,,,,,
433.004863,C18H9O13-,,,,,,,
433.041249,C19H13O12-,,,,,,,
433.077634,C20H17O11-,,,,,,,
433.114019,C21H21O10-,,,,,,,
433.150405,C22H25O9-,,,,,,,
433.18679,C23H29O8-,,,,,,,
433.223176,C24H33O7-,,,,,,,
433.259561,C25H37O6-,,,,,,,
433.295947,C26H41O5-,,,,,,,
433.332332,C27H45O4-,,,,,,,
433.368717,C28H49O3-,,,,,,,
434.984128,C17H7O14-,,,,,,,
435.020513,C18H11O13-,,,,,,,
435.056899,C19H15O12-,,,,,,,
435.093284,C20H19O11-,,,,,,,
435.129669,C21H23O10-,,,,,,,
435.166055,C22H27O9-,,,,,,,
435.20244,C23H31O8-,,,,,,,
435.238826,C24H35O7-,,,,,,,
435.275211,C25H39O6-,,,,,,,
435.311596,C26H43O5-,,,,,,,
435.347982,C27H47O4-,,,,,,,
435.384367,C28H51O3-,,,,,,,
436.963393,C16H5O15-,,,,,,,
436.999778,C17H9O14-,,,,,,,
437.036163,C18H13O13-,,,,,,,
437.072549,C19H17O12-,,,,,,,
437.108934,C20H21O11-,,,,,,,
437.145319,C21H25O10-,,,,,,,
437.181705,C22H29O9-,,,,,,,
437.21809,C23H33O8-,,,,,,,
437.254476,C24H37O7-,,,,,,,
437.290861,C25H41O6-,,,,,,,
437.327247,C26H45O5-,,,,,,,
437.363632,C27H49O4-,,,,,,,
446.984128,C18H7O14-,,,,,,,
447.020513,C19H11O13-,,,,,,,
447.056899,C20H15O12-,,,,,,,
447.093284,C21H19O11-,,,,,,,
447.129669,C22H23O10-,,,,,,,
447.166055,C23H27O9-,,,,,,,
447.20244,C24H31O8-,,,,,,,
447.238826,C25H35O7-,,,,,,,
447.275211,C26H39O6-,,,,,,,
447.311596,C27H43O5-,,,,,,,
447.347982,C28H47O4-,,,,,,,
447.384367,C29H51O3-,,,,,,,
448.963393,C17H5O15-,,,,,,,
448.999778,C18H9O14-,,,,,,,
449.036163,C19H13O13-,,,,,,,
449.072549,C20H17O12-,,,,,,,
449.108934,C21H21O11-,,,,,,,
449.145319,C22H25O10-,,,,,,,
449.181705,C23H29O9-,,,,,,,
449.21809,C24H33O8-,,,,,,,
449.254476,C25H37O7-,,,,,,,
449.290861,C26H41O6-,,,,,,,
449.327247,C27H45O5-,,,,,,,
449.363632,C28H49O4-,,,,,,,
450.979042,C17H7O15-,,,,,,,
451.015428,C18H11O14-,,,,,,,
451.051813,C19H15O13-,,,,,,,
451.088199,C20H19O12-,,,,,,,
451.124584,C21H23O11-,,,,,,,
451.16097,C22H27O10-,,,,,,,
451.197355,C23H31O9-,,,,,,,
451.23374,C24H35O8-,,,,,,,
451.270126,C25H39O7-,,,,,,,
451.306511,C26H43O6-,,,,,,,
451.342897,C27H47O5-,,,,,,,
451.379282,C28H51O4-,,,,,,,
460.963393,C18H5O15-,,,,,,,
460.999778,C19H9O14-,,,,,,,
461.036163,C20H13O13-,,,,,,,
461.072549,C21H17O12-,,,,,,,
461.108934,C22H21O11-,,,,,,,
461.145319,C23H25O10-,,,,,,,
461.181705,C24H29O9-,,,,,,,
461.21809,C25H33O8-,,,,,,,
461.254476,C26H37O7-,,,,,,,
461.290861,C27H41O6-,,,,,,,
461.327247,C28H45O5-,,,,,,,
461.363632,C29H49O4-,,,,,,,
462.979042,C18H7O15-,,,,,,,
463.015428,C19H11O14-,,,,,,,
463.051813,C20H15O13-,,,,,,,
463.088199,C21H19O12-,,,,,,,
463.124584,C22H23O11-,,,,,,,
463.16097,C23H27O10-,,,,,,,
463.197355,C24H31O9-,,,,,,,
463.23374,C25H35O8-,,,,,,,
463.270126,C26H39O7-,,,,,,,
463.306511,C27H43O6-,,,,,,,
463.342897,C28H47O5-,,,,,,,
463.379282,C29H51O4-,,,,,,,
464.958307,C17H5O16-,,,,,,,
464.994693,C18H9O15-,,,,,,,
465.031078,C19H13O14-,,,,,,,
465.067463,C20H17O13-,,,,,,,
465.103849,C21H21O12-,,,,,,,
465.140234,C22H25O11-,,,,,,,
465.17662,C23H29O10-,,,,,,,
465.213005,C24H33O9-,,,,,,,
465.24939,C25H37O8-,,,,,,,
465.285776,C26H41O7-,,,,,,,
465.322161,C27H45O6-,,,,,,,
465.358546,C28H49O5-,,,,,,,
465.394932,C29H53O4-,,,,,,,
474.979042,C19H7O15-,,,,,,,
475.015428,C20H11O14-,,,,,,,
475.051813,C21H15O13-,,,,,,,
475.088199,C22H19O12-,,,,,,,
475.124584,C23H23O11-,,,,,,,
475.16097,C24H27O10-,,,,,,,
475.197355,C25H31O9-,,,,,,,
475.23374,C26H35O8-,,,,,,,
475.270126,C27H39O7-,,,,,,,
475.306511,C28H43O6-,,,,,,,
475.342897,C29H47O5-,,,,,,,
475.379282,C30H51O4-,,,,,,,
476.958307,C18H5O16-,,,,,,,
476.994693,C19H9O15-,,,,,,,
477.031078,C20H13O14-,,,,,,,
477.067463,C21H17O13-,,,,,,,
477.103849,C22H21O12-,,,,,,,
477.140234,C23H25O11-,,,,,,,
477.17662,C24H29O10-,,,,,,,
477.213005,C25H33O9-,,,,,,,
477.24939,C26H37O8-,,,,,,,
477.285776,C27H41O7-,,,,,,,
477.322161,C28H45O6-,,,,,,,
477.358546,C29H49O5-,,,,,,,
477.394932,C30H53O4-,,,,,,,
478.973957,C18H7O16-,,,,,,,
479.010342,C19H11O15-,,,,,,,
479.046728,C20H15O14-,,,,,,,
479.083113,C21H19O13-,,,,,,,
479.119499,C22H23O12-,,,,,,,
479.155884,C23H27O11-,,,,,,,
479.19227,C24H31O10-,,,,,,,
479.228655,C25H35O9-,,,,,,,
479.26504,C26H39O8-,,,,,,,
479.301426,C27H43O7-,,,,,,,
479.337811,C28H47O6-,,,,,,,
479.374197,C29H51O5-,,,,,,,
488.958307,C19H5O16-,,,,,,,
488.994693,C20H9O15-,,,,,,,
489.031078,C21H13O14-,,,,,,,
489.067463,C22H17O13-,,,,,,,
489.103849,C23H21O12-,,,,,,,
489.140234,C24H25O11-,,,,,,,
489.17662,C25H29O10-,,,,,,,
489.213005,C26H33O9-,,,,,,,
489.24939,C27H37O8-,,,,,,,
489.285776,C28H41O7-,,,,,,,
489.322161,C29H45O6-,,,,,,,
489.358546,C30H49O5-,,,,,,,
489.394932,C31H53O4-,,,,,,,
490.973957,C19H7O16-,,,,,,,
491.010342,C20H11O15-,,,,,,,
491.046728,C21H15O14-,,,,,,,
491.083113,C22H19O13-,,,,,,,
491.119499,C23H23O12-,,,,,,,
491.155884,C24H27O11-,,,,,,,
491.19227,C25H31O10-,,,,,,,
491.228655,C26H35O9-,,,,,,,
491.26504,C27H39O8-,,,,,,,
491.301426,C28H43O7-,,,,,,,
491.337811,C29H47O6-,,,,,,,
491.374197,C30H51O5-,,,,,,,
492.953222,C18H5O17-,,,,,,,
492.989607,C19H9O16-,,,,,,,
493.025993,C20H13O15-,,,,,,,
493.062378,C21H17O14-,,,,,,,
493.098763,C22H21O13-,,,,,,,
493.135149,C23H25O12-,,,,,,,
493.171534,C24H29O11-,,,,,,,
493.20792,C25H33O10-,,,,,,,
493.244305,C26H37O9-,,,,,,,
493.28069,C27H41O8-,,,,,,,
493.317076,C28H45O7-,,,,,,,
493.353461,C29H49O6-,,,,,,,
493.389846,C30H53O5-,,,,,,,
502.973957,C20H7O16-,,,,,,,
503.010343,C21H11O15-,,,,,,,
503.046728,C22H15O14-,,,,,,,
503.083113,C23H19O13-,,,,,,,
503.119499,C24H23O12-,,,,,,,
503.155884,C25H27O11-,,,,,,,
503.19227,C26H31O10-,,,,,,,
503.228655,C27H35O9-,,,,,,,
503.26504,C28H39O8-,,,,,,,
503.301426,C29H43O7-,,,,,,,
503.337811,C30H47O6-,,,,,,,
503.374197,C31H51O5-,,,,,,,
504.953222,C19H5O17-,,,,,,,
504.989607,C20H9O16-,,,,,,,
505.025993,C21H13O15-,,,,,,,
505.062378,C22H17O14-,,,,,,,
505.098763,C23H21O13-,,,,,,,
505.135149,C24H25O12-,,,,,,,
505.171534,C25H29O11-,,,,,,,
505.20792,C26H33O10-,,,,,,,
505.244305,C27H37O9-,,,,,,,
505.28069,C28H41O8-,,,,,,,
505.317076,C29H45O7-,,,,,,,
505.353461,C30H49O6-,,,,,,,
505.389846,C31H53O5-,,,,,,,
506.968872,C19H7O17-,,,,,,,
507.005257,C20H11O16-,,,,,,,
507.041643,C21H15O15-,,,,,,,
507.078028,C22H19O14-,,,,,,,
507.114413,C23H23O13-,,,,,,,
507.150799,C24H27O12-,,,,,,,
507.187184,C25H31O11-,,,,,,,
507.223569,C26H35O10-,,,,,,,
507.259955,C27H39O9-,,,,,,,
507.29634,C28H43O8-,,,,,,,
507.332726,C29H47O7-,,,,,,,
507.369111,C30H51O6-,,,,,,,
516.953222,C20H5O17-,,,,,,,
516.989607,C21H9O16-,,,,,,,
517.025993,C22H13O15-,,,,,,,
517.062378,C23H17O14-,,,,,,,
517.098763,C24H21O13-,,,,,,,
517.135149,C25H25O12-,,,,,,,
517.171534,C26H29O11-,,,,,,,
517.20792,C27H33O10-,,,,,,,
517.244305,C28H37O9-,,,,,,,
517.28069,C29H41O8-,,,,,,,
517.317076,C30H45O7-,,,,,,,
517.353461,C31H49O6-,,,,,,,
517.389846,C32H53O5-,,,,,,,
518.968872,C20H7O17-,,,,,,,
519.005257,C21H11O16-,,,,,,,
519.041643,C22H15O15-,,,,,,,
519.078028,C23H19O14-,,,,,,,
519.114413,C24H23O13-,,,,,,,
519.150799,C25H27O12-,,,,,,,
519.187184,C26H31O11-,,,,,,,
519.223569,C27H35O10-,,,,,,,
519.259955,C28H39O9-,,,,,,,
519.29634,C29H43O8-,,,,,,,
519.332726,C30H47O7-,,,,,,,
519.369111,C31H51O6-,,,,,,,
520.948136,C19H5O18-,,,,,,,
520.984522,C20H9O17-,,,,,,,
521.020907,C21H13O16-,,,,,,,
521.057293,C22H17O15-,,,,,,,
521.093678,C23H21O14-,,,,,,,
521.130063,C24H25O13-,,,,,,,
521.166449,C25H29O12-,,,,,,,
521.202834,C26H33O11-,,,,,,,
521.239219,C27H37O10-,,,,,,,
521.275605,C28H41O9-,,,,,,,
521.31199,C29H45O8-,,,,,,,
521.348376,C30H49O7-,,,,,,,
521.384761,C31H53O6-,,,,,,,
530.968872,C21H7O17-,,,,,,,
531.005257,C22H11O16-,,,,,,,
531.041643,C23H15O15-,,,,,,,
531.078028,C24H19O14-,,,,,,,
531.114413,C25H23O13-,,,,,,,
531.150799,C26H27O12-,,,,,,,
531.187184,C27H31O11-,,,,,,,
531.223569,C28H35O10-,,,,,,,
531.259955,C29H39O9-,,,,,,,
531.29634,C30H43O8-,,,,,,,
531.332726,C31H47O7-,,,,,,,
531.369111,C32H51O6-,,,,,,,
532.948136,C20H5O18-,,,,,,,
532.984522,C21H9O17-,,,,,,,
533.020907,C22H13O16-,,,,,,,
533.057293,C23H17O15-,,,,,,,
533.093678,C24H21O14-,,,,,,,
533.130063,C25H25O13-,,,,,,,
533.166449,C26H29O12-,,,,,,,
533.202834,C27H33O11-,,,,,,,
533.239219,C28H37O10-,,,,,,,
533.275605,C29H41O9-,,,,,,,
533.31199,C30H45O8-,,,,,,,
533.348376,C31H49O7-,,,,,,,
533.384761,C32H53O6-,,,,,,,
534.963786,C20H7O18-,,,,,,,
535.000172,C21H11O17-,,,,,,,
535.036557,C22H15O16-,,,,,,,
535.072942,C23H19O15-,,,,,,,
535.109328,C24H23O14-,,,,,,,
535.145713,C25H27O13-,,,,,,,
535.182099,C26H31O12-,,,,,,,
535.218484,C27H35O11-,,,,,,,
535.25487,C28H39O10-,,,,,,,
535.291255,C29H43O9-,,,,,,,
535.32764,C30H47O8-,,,,,,,
535.364026,C31H51O7-,,,,,,,
544.984522,C22H9O17-,,,,,,,
545.020907,C23H13O16-,,,,,,,
545.057293,C24H17O15-,,,,,,,
545.093678,C25H21O14-,,,,,,,
545.130063,C26H25O13-,,,,,,,
545.166449,C27H29O12-,,,,,,,
545.202834,C28H33O11-,,,,,,,
545.239219,C29H37O10-,,,,,,,
545.275605,C30H41O9-,,,,,,,
545.31199,C31H45O8-,,,,,,,
545.348376,C32H49O7-,,,,,,,
545.384761,C33H53O6-,,,,,,,
546.963786,C21H7O18-,,,,,,,
547.000172,C22H11O17-,,,,,,,
547.036557,C23H15O16-,,,,,,,
547.072942,C24H19O15-,,,,,,,
547.109328,C25H23O14-,,,,,,,
547.145713,C26H27O13-,,,,,,,
547.182099,C27H31O12-,,,,,,,
547.218484,C28H35O11-,,,,,,,
547.25487,C29H39O10-,,,,,,,
547.291255,C30H43O9-,,,,,,,
547.32764,C31H47O8-,,,,,,,
547.364026,C32H51O7-,,,,,,,
548.943051,C20H5O19-,,,,,,,
548.979436,C21H9O18-,,,,,,,
549.015822,C22H13O17-,,,,,,,
549.052207,C23H17O16-,,,,,,,
549.088593,C24H21O15-,,,,,,,
549.124978,C25H25O14-,,,,,,,
549.161363,C26H29O13-,,,,,,,
549.197749,C27H33O12-,,,,,,,
549.234134,C28H37O11-,,,,,,,
549.270519,C29H41O10-,,,,,,,
549.306905,C30H45O9-,,,,,,,
549.34329,C31H49O8-,,,,,,,
549.379676,C32H53O7-,,,,,,,
558.963786,C22H7O18-,,,,,,,
559.000172,C23H11O17-,,,,,,,
559.036557,C24H15O16-,,,,,,,
559.072942,C25H19O15-,,,,,,,
559.109328,C26H23O14-,,,,,,,
559.145713,C27H27O13-,,,,,,,
559.182099,C28H31O12-,,,,,,,
559.218484,C29H35O11-,,,,,,,
559.25487,C30H39O10-,,,,,,,
559.291255,C31H43O9-,,,,,,,
559.32764,C32H47O8-,,,,,,,
559.364026,C33H51O7-,,,,,,,
560.979436,C22H9O18-,,,,,,,
561.015822,C23H13O17-,,,,,,,
561.052207,C24H17O16-,,,,,,,
561.088593,C25H21O15-,,,,,,,
561.124978,C26H25O14-,,,,,,,
561.161363,C27H29O13-,,,,,,,
561.197749,C28H33O12-,,,,,,,
561.234134,C29H37O11-,,,,,,,
561.270519,C30H41O10-,,,,,,,
561.306905,C31H45O9-,,,,,,,
561.34329,C32H49O8-,,,,,,,
561.379676,C33H53O7-,,,,,,,
562.958701,C21H7O19-,,,,,,,
562.995086,C22H11O18-,,,,,,,
563.031472,C23H15O17-,,,,,,,
563.067857,C24H19O16-,,,,,,,
563.104243,C25H23O15-,,,,,,,
563.140628,C26H27O14-,,,,,,,
563.177013,C27H31O13-,,,,,,,
563.213399,C28H35O12-,,,,,,,
563.249784,C29H39O11-,,,,,,,
563.286169,C30H43O10-,,,,,,,
563.322555,C31H47O9-,,,,,,,
563.35894,C32H51O8-,,,,,,,
563.395326,C33H55O7-,,,,,,,
572.979436,C23H9O18-,,,,,,,
573.015822,C24H13O17-,,,,,,,
573.052207,C25H17O16-,,,,,,,
573.088593,C26H21O15-,,,,,,,
573.124978,C27H25O14-,,,,,,,
573.161363,C28H29O13-,,,,,,,
573.197749,C29H33O12-,,,,,,,
573.234134,C30H37O11-,,,,,,,
573.270519,C31H41O10-,,,,,,,
573.306905,C32H45O9-,,,,,,,
573.34329,C33H49O8-,,,,,,,
573.379676,C34H53O7-,,,,,,,
574.958701,C22H7O19-,,,,,,,
574.995086,C23H11O18-,,,,,,,
575.031472,C24H15O17-,,,,,,,
575.067857,C25H19O16-,,,,,,,
575.104243,C26H23O15-,,,,,,,
575.140628,C27H27O14-,,,,,,,
575.177013,C28H31O13-,,,,,,,
575.213399,C29H35O12-,,,,,,,
575.249784,C30H39O11-,,,,,,,
575.286169,C31H43O10-,,,,,,,
575.322555,C32H47O9-,,,,,,,
575.35894,C33H51O8-,,,,,,,
575.395326,C34H55O7-,,,,,,,
576.974351,C22H9O19-,,,,,,,
577.010736,C23H13O18-,,,,,,,
577.047122,C24H17O17-,,,,,,,
577.083507,C25H21O16-,,,,,,,
577.119892,C26H25O15-,,,,,,,
577.156278,C27H29O14-,,,,,,,
577.192663,C28H33O13-,,,,,,,
577.229049,C29H37O12-,,,,,,,
577.265434,C30H41O11-,,,,,,,
577.301819,C31H45O10-,,,,,,,
577.338205,C32H49O9-,,,,,,,
577.37459,C33H53O8-,,,,,,,
586.958701,C23H7O19-,,,,,,,
586.995086,C24H11O18-,,,,,,,
587.031472,C25H15O17-,,,,,,,
587.067857,C26H19O16-,,,,,,,
587.104243,C27H23O15-,,,,,,,
587.140628,C28H27O14-,,,,,,,
587.177013,C29H31O13-,,,,,,,
587.213399,C30H35O12-,,,,,,,
587.249784,C31H39O11-,,,,,,,
587.286169,C32H43O10-,,,,,,,
587.322555,C33H47O9-,,,,,,,
587.35894,C34H51O8-,,,,,,,
587.395326,C35H55O7-,,,,,,,
588.974351,C23H9O19-,,,,,,,
589.010736,C24H13O18-,,,,,,,
589.047122,C25H17O17-,,,,,,,
589.083507,C26H21O16-,,,,,,,
589.119892,C27H25O15-,,,,,,,
589.156278,C28H29O14-,,,,,,,
589.192663,C29H33O13-,,,,,,,
589.229049,C30H37O12-,,,,,,,
589.265434,C31H41O11-,,,,,,,
589.301819,C32H45O10-,,,,,,,
589.338205,C33H49O9-,,,,,,,
589.37459,C34H53O8-,,,,,,,
590.953615,C22H7O20-,,,,,,,
590.990001,C23H11O19-,,,,,,,
591.026386,C24H15O18-,,,,,,,
591.062772,C25H19O17-,,,,,,,
591.099157,C26H23O16-,,,,,,,
591.135543,C27H27O15-,,,,,,,
591.171928,C28H31O14-,,,,,,,
591.208313,C29H35O13-,,,,,,,
591.244699,C30H39O12-,,,,,,,
591.281084,C31H43O11-,,,,,,,
591.31747,C32H47O10-,,,,,,,
591.353855,C33H51O9-,,,,,,,
591.39024,C34H55O8-,,,,,,,
600.974351,C24H9O19-,,,,,,,
601.010736,C25H13O18-,,,,,,,
601.047122,C26H17O17-,,,,,,,
601.083507,C27H21O16-,,,,,,,
601.119892,C28H25O15-,,,,,,,
601.156278,C29H29O14-,,,,,,,
601.192663,C30H33O13-,,,,,,,
601.229049,C31H37O12-,,,,,,,
601.265434,C32H41O11-,,,,,,,
601.301819,C33H45O10-,,,,,,,
601.338205,C34H49O9-,,,,,,,
601.37459,C35H53O8-,,,,,,,
602.953615,C23H7O20-,,,,,,,
602.990001,C24H11O19-,,,,,,,
603.026386,C25H15O18-,,,,,,,
603.062772,C26H19O17-,,,,,,,
603.099157,C27H23O16-,,,,,,,
603.135543,C28H27O15-,,,,,,,
603.171928,C29H31O14-,,,,,,,
603.208313,C30H35O13-,,,,,,,
603.244699,C31H39O12-,,,,,,,
603.281084,C32H43O11-,,,,,,,
603.31747,C33H47O10-,,,,,,,
603.353855,C34H51O9-,,,,,,,
603.39024,C35H55O8-,,,,,,,
604.969266,C23H9O20-,,,,,,,
605.005651,C24H13O19-,,,,,,,
605.042036,C25H17O18-,,,,,,,
605.078422,C26H21O17-,,,,,,,
605.114807,C27H25O16-,,,,,,,
605.151192,C28H29O15-,,,,,,,
605.187578,C29H33O14-,,,,,,,
605.223963,C30H37O13-,,,,,,,
605.260349,C31H41O12-,,,,,,,
605.296734,C32H45O11-,,,,,,,
605.33312,C33H49O10-,,,,,,,
605.369505,C34H53O9-,,,,,,,
614.953615,C24H7O20-,,,,,,,
614.990001,C25H11O19-,,,,,,,
615.026386,C26H15O18-,,,,,,,
615.062772,C27H19O17-,,,,,,,
615.099157,C28H23O16-,,,,,,,
615.135543,C29H27O15-,,,,,,,
615.171928,C30H31O14-,,,,,,,
615.208313,C31H35O13-,,,,,,,
615.244699,C32H39O12-,,,,,,,
615.281084,C33H43O11-,,,,,,,
615.31747,C34H47O10-,,,,,,,
615.353855,C35H51O9-,,,,,,,
615.39024,C36H55O8-,,,,,,,
616.969266,C24H9O20-,,,,,,,
617.005651,C25H13O19-,,,,,,,
617.042036,C26H17O18-,,,,,,,
617.078422,C27H21O17-,,,,,,,
617.114807,C28H25O16-,,,,,,,
617.151192,C29H29O15-,,,,,,,
617.187578,C30H33O14-,,,,,,,
617.223963,C31H37O13-,,,,,,,
617.260349,C32H41O12-,,,,,,,
617.296734,C33H45O11-,,,,,,,
617.33312,C34H49O10-,,,,,,,
617.369505,C35H53O9-,,,,,,,
618.94853,C23H7O21-,,,,,,,
618.984915,C24H11O20-,,,,,,,
619.021301,C25H15O19-,,,,,,,
619.057686,C26H19O18-,,,,,,,
619.094072,C27H23O17-,,,,,,,
619.130457,C28H27O16-,,,,,,,
619.166843,C29H31O15-,,,,,,,
619.203228,C30H35O14-,,,,,,,
619.239613,C31H39O13-,,,,,,,
619.275999,C32H43O12-,,,,,,,
619.312384,C33H47O11-,,,,,,,
619.34877,C34H51O10-,,,,,,,
619.385155,C35H55O9-,,,,,,,
628.969266,C25H9O20-,,,,,,,
629.005651,C26H13O19-,,,,,,,
629.042036,C27H17O18-,,,,,,,
629.078422,C28H21O17-,,,,,,,
629.114807,C29H25O16-,,,,,,,
629.151192,C30H29O15-,,,,,,,
629.187578,C31H33O14-,,,,,,,
629.223963,C32H37O13-,,,,,,,
629.260349,C33H41O12-,,,,,,,
629.296734,C34H45O11-,,,,,,,
629.33312,C35H49O10-,,,,,,,
629.369505,C36H53O9-,,,,,,,
630.94853,C24H7O21-,,,,,,,
630.984915,C25H11O20-,,,,,,,
631.021301,C26H15O19-,,,,,,,
631.057686,C27H19O18-,,,,,,,
631.094072,C28H23O17-,,,,,,,
631.130457,C29H27O16-,,,,,,,
631.166843,C30H31O15-,,,,,,,
631.203228,C31H35O14-,,,,,,,
631.239613,C32H39O13-,,,,,,,
631.275999,C33H43O12-,,,,,,,
631.312384,C34H47O11-,,,,,,,
631.34877,C35H51O10-,,,,,,,
631.385155,C36H55O9-,,,,,,,
632.96418,C24H9O21-,,,,,,,
633.000565,C25H13O20-,,,,,,,
633.036951,C26H17O19-,,,,,,,
633.073336,C27H21O18-,,,,,,,
633.109722,C28H25O17-,,,,,,,
633.146107,C29H29O16-,,,,,,,
633.182493,C30H33O15-,,,,,,,
633.218878,C31H37O14-,,,,,,,
633.255263,C32H41O13-,,,,,,,
633.291649,C33H45O12-,,,,,,,
633.328034,C34H49O11-,,,,,,,
633.364419,C35H53O10-,,,,,,,
642.94853,C25H7O21-,,,,,,,
642.984915,C26H11O20-,,,,,,,
643.021301,C27H15O19-,,,,,,,
643.057686,C28H19O18-,,,,,,,
643.094072,C29H23O17-,,,,,,,
643.130457,C30H27O16-,,,,,,,
643.166843,C31H31O15-,,,,,,,
643.203228,C32H35O14-,,,,,,,
643.239613,C33H39O13-,,,,,,,
643.275999,C34H43O12-,,,,,,,
643.312384,C35H47O11-,,,,,,,
643.34877,C36H51O10-,,,,,,,
643.385155,C37H55O9-,,,,,,,
644.96418,C25H9O21-,,,,,,,
645.000565,C26H13O20-,,,,,,,
645.036951,C27H17O19-,,,,,,,
645.073336,C28H21O18-,,,,,,,
645.109722,C29H25O17-,,,,,,,
645.146107,C30H29O16-,,,,,,,
645.182493,C31H33O15-,,,,,,,
645.218878,C32H37O14-,,,,,,,
645.255263,C33H41O13-,,,,,,,
645.291649,C34H45O12-,,,,,,,
645.328034,C35H49O11-,,,,,,,
645.364419,C36H53O10-,,,,,,,
646.943445,C24H7O22-,,,,,,,
646.97983,C25H11O21-,,,,,,,
647.016216,C26H15O20-,,,,,,,
647.052601,C27H19O19-,,,,,,,
647.088986,C28H23O18-,,,,,,,
647.125372,C29H27O17-,,,,,,,
647.161757,C30H31O16-,,,,,,,
647.198143,C31H35O15-,,,,,,,
647.234528,C32H39O14-,,,,,,,
647.270913,C33H43O13-,,,,,,,
647.307299,C34H47O12-,,,,,,,
647.343684,C35H51O11-,,,,,,,
647.380069,C36H55O10-,,,,,,,
656.96418,C26H9O21-,,,,,,,
657.000565,C27H13O20-,,,,,,,
657.036951,C28H17O19-,,,,,,,
657.073336,C29H21O18-,,,,,,,
657.109722,C30H25O17-,,,,,,,
657.146107,C31H29O16-,,,,,,,
657.182493,C32H33O15-,,,,,,,
657.218878,C33H37O14-,,,,,,,
657.255263,C34H41O13-,,,,,,,
657.291649,C35H45O12-,,,,,,,
657.328034,C36H49O11-,,,,,,,
657.364419,C37H53O10-,,,,,,,
658.943445,C25H7O22-,,,,,,,
658.97983,C26H11O21-,,,,,,,
659.016216,C27H15O20-,,,,,,,
659.052601,C28H19O19-,,,,,,,
659.088986,C29H23O18-,,,,,,,
659.125372,C30H27O17-,,,,,,,
659.161757,C31H31O16-,,,,,,,
659.198143,C32H35O15-,,,,,,,
659.234528,C33H39O14-,,,,,,,
659.270913,C34H43O13-,,,,,,,
659.307299,C35H47O12-,,,,,,,
659.343684,C36H51O11-,,,,,,,
659.380069,C37H55O10-,,,,,,,
660.959095,C25H9O22-,,,,,,,
660.99548,C26H13O21-,,,,,,,
661.031865,C27H17O20-,,,,,,,
661.068251,C28H21O19-,,,,,,,
661.104636,C29H25O18-,,,,,,,
661.141022,C30H29O17-,,,,,,,
661.177407,C31H33O16-,,,,,,,
661.213792,C32H37O15-,,,,,,,
661.250178,C33H41O14-,,,,,,,
661.286563,C34H45O13-,,,,,,,
661.322949,C35H49O12-,,,,,,,
661.359334,C36H53O11-,,,,,,,
661.39572,C37H57O10-,,,,,,,
670.943445,C26H7O22-,,,,,,,
670.97983,C27H11O21-,,,,,,,
671.016216,C28H15O20-,,,,,,,
671.052601,C29H19O19-,,,,,,,
671.088986,C30H23O18-,,,,,,,
671.125372,C31H27O17-,,,,,,,
671.161757,C32H31O16-,,,,,,,
671.198143,C33H35O15-,,,,,,,
671.234528,C34H39O14-,,,,,,,
671.270913,C35H43O13-,,,,,,,
671.307299,C36H47O12-,,,,,,,
671.343684,C37H51O11-,,,,,,,
671.380069,C38H55O10-,,,,,,,
672.959095,C26H9O22-,,,,,,,
672.99548,C27H13O21-,,,,,,,
673.031865,C28H17O20-,,,,,,,
673.068251,C29H21O19-,,,,,,,
673.104636,C30H25O18-,,,,,,,
673.141022,C31H29O17-,,,,,,,
673.177407,C32H33O16-,,,,,,,
673.213792,C33H37O15-,,,,,,,
673.250178,C34H41O14-,,,,,,,
673.286563,C35H45O13-,,,,,,,
673.322949,C36H49O12-,,,,,,,
673.359334,C37H53O11-,,,,,,,
673.39572,C38H57O10-,,,,,,,
674.938359,C25H7O23-,,,,,,,
674.974745,C26H11O22-,,,,,,,
675.01113,C27H15O21-,,,,,,,
675.047515,C28H19O20-,,,,,,,
675.083901,C29H23O19-,,,,,,,
675.120286,C30H27O18-,,,,,,,
675.156672,C31H31O17-,,,,,,,
675.193057,C32H35O16-,,,,,,,
675.229443,C33H39O15-,,,,,,,
675.265828,C34H43O14-,,,,,,,
675.302213,C35H47O13-,,,,,,,
675.338599,C36H51O12-,,,,,,,
675.374984,C37H55O11-,,,,,,,
684.959095,C27H9O22-,,,,,,,
684.99548,C28H13O21-,,,,,,,
685.031865,C29H17O20-,,,,,,,
685.068251,C30H21O19-,,,,,,,
685.104636,C31H25O18-,,,,,,,
685.141022,C32H29O17-,,,,,,,
685.177407,C33H33O16-,,,,,,,
685.213792,C34H37O15-,,,,,,,
685.250178,C35H41O14-,,,,,,,
685.286563,C36H45O13-,,,,,,,
685.322949,C37H49O12-,,,,,,,
685.359334,C38H53O11-,,,,,,,
685.39572,C39H57O10-,,,,,,,
686.938359,C26H7O23-,,,,,,,
686.974745,C27H11O22-,,,,,,,
687.01113,C28H15O21-,,,,,,,
687.047515,C29H19O20-,,,,,,,
687.083901,C30H23O19-,,,,,,,
687.120286,C31H27O18-,,,,,,,
687.156672,C32H31O17-,,,,,,,
687.193057,C33H35O16-,,,,,,,
687.229443,C34H39O15-,,,,,,,
687.265828,C35H43O14-,,,,,,,
687.302213,C36H47O13-,,,,,,,
687.338599,C37H51O12-,,,,,,,
687.374984,C38H55O11-,,,,,,,
688.954009,C26H9O23-,,,,,,,
688.990395,C27H13O22-,,,,,,,
689.02678,C28H17O21-,,,,,,,
689.063165,C29H21O20-,,,,,,,
689.099551,C30H25O19-,,,,,,,
689.135936,C31H29O18-,,,,,,,
689.172322,C32H33O17-,,,,,,,
689.208707,C33H37O16-,,,,,,,
689.245093,C34H41O15-,,,,,,,
689.281478,C35H45O14-,,,,,,,
689.317863,C36H49O13-,,,,,,,
689.354249,C37H53O12-,,,,,,,
689.390634,C38H57O11-,,,,,,,
698.974745,C28H11O22-,,,,,,,
699.01113,C29H15O21-,,,,,,,
699.047515,C30H19O20-,,,,,,,
699.083901,C31H23O19-,,,,,,,
699.120286,C32H27O18-,,,,,,,
699.156672,C33H31O17-,,,,,,,
699.193057,C34H35O16-,,,,,,,
699.229443,C35H39O15-,,,,,,,
699.265828,C36H43O14-,,,,,,,
699.302213,C37H47O13-,,,,,,,
699.338599,C38H51O12-,,,,,,,
699.374984,C39H55O11-,,,,,,,
700.954009,C27H9O23-,,,,,,,
700.990395,C28H13O22-,,,,,,,
701.02678,C29H17O21-,,,,,,,
701.063165,C30H21O20-,,,,,,,
701.099551,C31H25O19-,,,,,,,
701.135936,C32H29O18-,,,,,,,
701.172322,C33H33O17-,,,,,,,
701.208707,C34H37O16-,,,,,,,
701.245093,C35H41O15-,,,,,,,
701.281478,C36H45O14-,,,,,,,
701.317863,C37H49O13-,,,,,,,
701.354249,C38H53O12-,,,,,,,
701.390634,C39H57O11-,,,,,,,
702.933274,C26H7O24-,,,,,,,
702.969659,C27H11O23-,,,,,,,
703.006045,C28H15O22-,,,,,,,
703.04243,C29H19O21-,,,,,,,
703.078816,C30H23O20-,,,,,,,
703.115201,C31H27O19-,,,,,,,
703.151586,C32H31O18-,,,,,,,
703.187972,C33H35O17-,,,,,,,
703.224357,C34H39O16-,,,,,,,
703.260742,C35H43O15-,,,,,,,
703.297128,C36H47O14-,,,,,,,
703.333513,C37H51O13-,,,,,,,
703.369899,C38H55O12-,,,,,,,
712.954009,C28H9O23-,,,,,,,
712.990395,C29H13O22-,,,,,,,
713.02678,C30H17O21-,,,,,,,
713.063165,C31H21O20-,,,,,,,
713.099551,C32H25O19-,,,,,,,
713.135936,C33H29O18-,,,,,,,
713.172322,C34H33O17-,,,,,,,
713.208707,C35H37O16-,,,,,,,
713.245093,C36H41O15-,,,,,,,
713.281478,C37H45O14-,,,,,,,
713.317863,C38H49O13-,,,,,,,
713.354249,C39H53O12-,,,,,,,
713.390634,C40H57O11-,,,,,,,
714.969659,C28H11O23-,,,,,,,
715.006045,C29H15O22-,,,,,,,
715.04243,C30H19O21-,,,,,,,
715.078816,C31H23O20-,,,,,,,
715.115201,C32H27O19-,,,,,,,
715.151586,C33H31O18-,,,,,,,
715.187972,C34H35O17-,,,,,,,
715.224357,C35H39O16-,,,,,,,
715.260742,C36H43O15-,,,,,,,
715.297128,C37H47O14-,,,,,,,
715.333513,C38H51O13-,,,,,,,
715.369899,C39H55O12-,,,,,,,
716.948924,C27H9O24-,,,,,,,
716.985309,C28H13O23-,,,,,,,
717.021695,C29H17O22-,,,,,,,
717.05808,C30H21O21-,,,,,,,
717.094465,C31H25O20-,,,,,,,
717.130851,C32H29O19-,,,,,,,
717.167236,C33H33O18-,,,,,,,
717.203622,C34H37O17-,,,,,,,
717.240007,C35H41O16-,,,,,,,
717.276393,C36H45O15-,,,,,,,
717.312778,C37H49O14-,,,,,,,
717.349163,C38H53O13-,,,,,,,
717.385549,C39H57O12-,,,,,,,
726.969659,C29H11O23-,,,,,,,
727.006045,C30H15O22-,,,,,,,
727.04243,C31H19O21-,,,,,,,
727.078816,C32H23O20-,,,,,,,
727.115201,C33H27O19-,,,,,,,
727.151586,C34H31O18-,,,,,,,
727.187972,C35H35O17-,,,,,,,
727.224357,C36H39O16-,,,,,,,
727.260742,C37H43O15-,,,,,,,
727.297128,C38H47O14-,,,,,,,
727.333513,C39H51O13-,,,,,,,
727.369899,C40H55O12-,,,,,,,
728.948924,C28H9O24-,,,,,,,
728.985309,C29H13O23-,,,,,,,
729.021695,C30H17O22-,,,,,,,
729.05808,C31H21O21-,,,,,,,
729.094465,C32H25O20-,,,,,,,
729.130851,C33H29O19-,,,,,,,
729.167236,C34H33O18-,,,,,,,
729.203622,C35H37O17-,,,,,,,
729.240007,C36H41O16-,,,,,,,
729.276393,C37H45O15-,,,,,,,
729.312778,C38H49O14-,,,,,,,
729.349163,C39H53O13-,,,,,,,
729.385549,C40H57O12-,,,,,,,
730.964574,C28H11O24-,,,,,,,
731.000959,C29H15O23-,,,,,,,
731.037345,C30H19O22-,,,,,,,
731.07373,C31H23O21-,,,,,,,
731.110116,C32H27O20-,,,,,,,
731.146501,C33H31O19-,,,,,,,
731.182886,C34H35O18-,,,,,,,
731.219272,C35H39O17-,,,,,,,
731.255657,C36H43O16-,,,,,,,
731.292042,C37H47O15-,,,,,,,
731.328428,C38H51O14-,,,,,,,
731.364813,C39H55O13-,,,,,,,
740.948924,C29H9O24-,,,,,,,
740.985309,C30H13O23-,,,,,,,
741.021695,C31H17O22-,,,,,,,
741.05808,C32H21O21-,,,,,,,
741.094465,C33H25O20-,,,,,,,
741.130851,C34H29O19-,,,,,,,
741.167236,C35H33O18-,,,,,,,
741.203622,C36H37O17-,,,,,,,
741.240007,C37H41O16-,,,,,,,
741.276393,C38H45O15-,,,,,,,
741.312778,C39H49O14-,,,,,,,
741.349163,C40H53O13-,,,,,,,
741.385549,C41H57O12-,,,,,,,
742.964574,C29H11O24-,,,,,,,
743.000959,C30H15O23-,,,,,,,
743.037345,C31H19O22-,,,,,,,
743.07373,C32H23O21-,,,,,,,
743.110116,C33H27O20-,,,,,,,
743.146501,C34H31O19-,,,,,,,
743.182886,C35H35O18-,,,,,,,
743.219272,C36H39O17-,,,,,,,
743.255657,C37H43O16-,,,,,,,
743.292042,C38H47O15-,,,,,,,
743.328428,C39H51O14-,,,,,,,
743.364813,C40H55O13-,,,,,,,
744.943839,C28H9O25-,,,,,,,
744.980224,C29H13O24-,,,,,,,
745.016609,C30H17O23-,,,,,,,
745.052995,C31H21O22-,,,,,,,
745.08938,C32H25O21-,,,,,,,
745.125765,C33H29O20-,,,,,,,
745.162151,C34H33O19-,,,,,,,
745.198536,C35H37O18-,,,,,,,
745.234922,C36H41O17-,,,,,,,
745.271307,C37H45O16-,,,,,,,
745.307693,C38H49O15-,,,,,,,
745.344078,C39H53O14-,,,,,,,
745.380463,C40H57O13-,,,,,,,
754.964574,C30H11O24-,,,,,,,
755.000959,C31H15O23-,,,,,,,
755.037345,C32H19O22-,,,,,,,
755.07373,C33H23O21-,,,,,,,
755.110116,C34H27O20-,,,,,,,
755.146501,C35H31O19-,,,,,,,
755.182886,C36H35O18-,,,,,,,
755.219272,C37H39O17-,,,,,,,
755.255657,C38H43O16-,,,,,,,
755.292042,C39H47O15-,,,,,,,
755.328428,C40H51O14-,,,,,,,
755.364813,C41H55O13-,,,,,,,
756.943839,C29H9O25-,,,,,,,
756.980224,C30H13O24-,,,,,,,
757.016609,C31H17O23-,,,,,,,
757.052995,C32H21O22-,,,,,,,
757.08938,C33H25O21-,,,,,,,
757.125765,C34H29O20-,,,,,,,
757.162151,C35H33O19-,,,,,,,
757.198536,C36H37O18-,,,,,,,
757.234922,C37H41O17-,,,,,,,
757.271307,C38H45O16-,,,,,,,
757.307693,C39H49O15-,,,,,,,
757.344078,C40H53O14-,,,,,,,
757.380463,C41H57O13-,,,,,,,
758.959489,C29H11O25-,,,,,,,
758.995874,C30H15O24-,,,,,,,
759.032259,C31H19O23-,,,,,,,
759.068645,C32H23O22-,,,,,,,
759.10503,C33H27O21-,,,,,,,
759.141415,C34H31O20-,,,,,,,
759.177801,C35H35O19-,,,,,,,
759.214186,C36H39O18-,,,,,,,
759.250572,C37H43O17-,,,,,,,
759.286957,C38H47O16-,,,,,,,
759.323342,C39H51O15-,,,,,,,
759.359728,C40H55O14-,,,,,,,
759.396113,C41H59O13-,,,,,,,
768.943839,C30H9O25-,,,,,,,
768.980224,C31H13O24-,,,,,,,
769.016609,C32H17O23-,,,,,,,
769.052995,C33H21O22-,,,,,,,
769.08938,C34H25O21-,,,,,,,
769.125765,C35H29O20-,,,,,,,
769.162151,C36H33O19-,,,,,,,
769.198536,C37H37O18-,,,,,,,
769.234922,C38H41O17-,,,,,,,
769.271307,C39H45O16-,,,,,,,
769.307693,C40H49O15-,,,,,,,
769.344078,C41H53O14-,,,,,,,
769.380463,C42H57O13-,,,,,,,
770.959489,C30H11O25-,,,,,,,
770.995874,C31H15O24-,,,,,,,
771.032259,C32H19O23-,,,,,,,
771.068645,C33H23O22-,,,,,,,
771.10503,C34H27O21-,,,,,,,
771.141415,C35H31O20-,,,,,,,
771.177801,C36H35O19-,,,,,,,
771.214186,C37H39O18-,,,,,,,
771.250572,C38H43O17-,,,,,,,
771.286957,C39H47O16-,,,,,,,
771.323342,C40H51O15-,,,,,,,
771.359728,C41H55O14-,,,,,,,
771.396113,C42H59O13-,,,,,,,
772.938753,C29H9O26-,,,,,,,
772.975138,C30H13O25-,,,,,,,
773.011524,C31H17O24-,,,,,,,
773.047909,C32H21O23-,,,,,,,
773.084295,C33H25O22-,,,,,,,
773.12068,C34H29O21-,,,,,,,
773.157066,C35H33O20-,,,,,,,
773.193451,C36H37O19-,,,,,,,
773.229836,C37H41O18-,,,,,,,
773.266222,C38H45O17-,,,,,,,
773.302607,C39H49O16-,,,,,,,
773.338993,C40H53O15-,,,,,,,
773.375378,C41H57O14-,,,,,,,
782.959489,C31H11O25-,,,,,,,
782.995874,C32H15O24-,,,,,,,
783.032259,C33H19O23-,,,,,,,
783.068645,C34H23O22-,,,,,,,
783.10503,C35H27O21-,,,,,,,
783.141415,C36H31O20-,,,,,,,
783.177801,C37H35O19-,,,,,,,
783.214186,C38H39O18-,,,,,,,
783.250572,C39H43O17-,,,,,,,
783.286957,C40H47O16-,,,,,,,
783.323342,C41H51O15-,,,,,,,
783.359728,C42H55O14-,,,,,,,
783.396113,C43H59O13-,,,,,,,
784.938753,C30H9O26-,,,,,,,
784.975138,C31H13O25-,,,,,,,
785.011524,C32H17O24-,,,,,,,
785.047909,C33H21O23-,,,,,,,
785.084295,C34H25O22-,,,,,,,
785.12068,C35H29O21-,,,,,,,
785.157066,C36H33O20-,,,,,,,
785.193451,C37H37O19-,,,,,,,
785.229836,C38H41O18-,,,,,,,
785.266222,C39H45O17-,,,,,,,
785.302607,C40H49O16-,,,,,,,
785.338993,C41H53O15-,,,,,,,
785.375378,C42H57O14-,,,,,,,
786.954403,C30H11O26-,,,,,,,
786.990789,C31H15O25-,,,,,,,
787.027174,C32H19O24-,,,,,,,
787.063559,C33H23O23-,,,,,,,
787.099945,C34H27O22-,,,,,,,
787.13633,C35H31O21-,,,,,,,
787.172715,C36H35O20-,,,,,,,
787.209101,C37H39O19-,,,,,,,
787.245486,C38H43O18-,,,,,,,
787.281872,C39H47O17-,,,,,,,
787.318257,C40H51O16-,,,,,,,
787.354643,C41H55O15-,,,,,,,
787.391028,C42H59O14-,,,,,,,
796.938753,C31H9O26-,,,,,,,
796.975138,C32H13O25-,,,,,,,
797.011524,C33H17O24-,,,,,,,
797.047909,C34H21O23-,,,,,,,
797.084295,C35H25O22-,,,,,,,
797.12068,C36H29O21-,,,,,,,
797.157066,C37H33O20-,,,,,,,
797.193451,C38H37O19-,,,,,,,
797.229836,C39H41O18-,,,,,,,
797.266222,C40H45O17-,,,,,,,
797.302607,C41H49O16-,,,,,,,
797.338993,C42H53O15-,,,,,,,
797.375378,C43H57O14-,,,,,,,
798.954403,C31H11O26-,,,,,,,
798.990789,C32H15O25-,,,,,,,
799.027174,C33H19O24-,,,,,,,
799.063559,C34H23O23-,,,,,,,
799.099945,C35H27O22-,,,,,,,
799.13633,C36H31O21-,,,,,,,
799.172715,C37H35O20-,,,,,,,
799.209101,C38H39O19-,,,,,,,
799.245486,C39H43O18-,,,,,,,
799.281872,C40H47O17-,,,,,,,
799.318257,C41H51O16-,,,,,,,
799.354643,C42H55O15-,,,,,,,
799.391028,C43H59O14-,,,,,,,
800.933668,C30H9O27-,,,,,,,
800.970053,C31H13O26-,,,,,,,
801.006439,C32H17O25-,,,,,,,
801.042824,C33H21O24-,,,,,,,
801.079209,C34H25O23-,,,,,,,
801.115595,C35H29O22-,,,,,,,
801.15198,C36H33O21-,,,,,,,
801.188365,C37H37O20-,,,,,,,
801.224751,C38H41O19-,,,,,,,
801.261136,C39H45O18-,,,,,,,
801.297522,C40H49O17-,,,,,,,
801.333907,C41H53O16-,,,,,,,
801.370293,C42H57O15-,,,,,,,
810.954403,C32H11O26-,,,,,,,
810.990789,C33H15O25-,,,,,,,
811.027174,C34H19O24-,,,,,,,
811.063559,C35H23O23-,,,,,,,
811.099945,C36H27O22-,,,,,,,
811.13633,C37H31O21-,,,,,,,
811.172715,C38H35O20-,,,,,,,
811.209101,C39H39O19-,,,,,,,
811.245486,C40H43O18-,,,,,,,
811.281872,C41H47O17-,,,,,,,
811.318257,C42H51O16-,,,,,,,
811.354643,C43H55O15-,,,,,,,
811.391028,C44H59O14-,,,,,,,
812.933668,C31H9O27-,,,,,,,
812.970053,C32H13O26-,,,,,,,
813.006439,C33H17O25-,,,,,,,
813.042824,C34H21O24-,,,,,,,
813.079209,C35H25O23-,,,,,,,
813.115595,C36H29O22-,,,,,,,
813.15198,C37H33O21-,,,,,,,
813.188365,C38H37O20-,,,,,,,
813.224751,C39H41O19-,,,,,,,
813.261136,C40H45O18-,,,,,,,
813.297522,C41H49O17-,,,,,,,
813.333907,C42H53O16-,,,,,,,
813.370293,C43H57O15-,,,,,,,
814.949318,C31H11O27-,,,,,,,
814.985703,C32H15O26-,,,,,,,
815.022088,C33H19O25-,,,,,,,
815.058474,C34H23O24-,,,,,,,
815.094859,C35H27O23-,,,,,,,
815.131245,C36H31O22-,,,,,,,
815.16763,C37H35O21-,,,,,,,
815.204015,C38H39O20-,,,,,,,
815.240401,C39H43O19-,,,,,,,
815.276786,C40H47O18-,,,,,,,
815.313172,C41H51O17-,,,,,,,
815.349557,C42H55O16-,,,,,,,
815.385943,C43H59O15-,,,,,,,
824.933668,C32H9O27-,,,,,,,
824.970053,C33H13O26-,,,,,,,
825.006439,C34H17O25-,,,,,,,
825.042824,C35H21O24-,,,,,,,
825.079209,C36H25O23-,,,,,,,
825.115595,C37H29O22-,,,,,,,
825.15198,C38H33O21-,,,,,,,
825.188365,C39H37O20-,,,,,,,
825.224751,C40H41O19-,,,,,,,
825.261136,C41H45O18-,,,,,,,
825.297522,C42H49O17-,,,,,,,
825.333907,C43H53O16-,,,,,,,
825.370293,C44H57O15-,,,,,,,
826.949318,C32H11O27-,,,,,,,
826.985703,C33H15O26-,,,,,,,
827.022088,C34H19O25-,,,,,,,
827.058474,C35H23O24-,,,,,,,
827.094859,C36H27O23-,,,,,,,
827.131245,C37H31O22-,,,,,,,
827.16763,C38H35O21-,,,,,,,
827.204015,C39H39O20-,,,,,,,
827.240401,C40H43O19-,,,,,,,
827.276786,C41H47O18-,,,,,,,
827.313172,C42H51O17-,,,,,,,
827.349557,C43H55O16-,,,,,,,
827.385943,C44H59O15-,,,,,,,
828.928582,C31H9O28-,,,,,,,
828.964968,C32H13O27-,,,,,,,
829.001353,C33H17O26-,,,,,,,
829.037738,C34H21O25-,,,,,,,
829.074124,C35H25O24-,,,,,,,
829.110509,C36H29O23-,,,,,,,
829.146895,C37H33O22-,,,,,,,
829.18328,C38H37O21-,,,,,,,
829.219666,C39H41O20-,,,,,,,
829.256051,C40H45O19-,,,,,,,
829.292436,C41H49O18-,,,,,,,
829.328822,C42H53O17-,,,,,,,
829.365207,C43H57O16-,,,,,,,
838.949318,C33H11O27-,,,,,,,
838.985703,C34H15O26-,,,,,,,
839.022088,C35H19O25-,,,,,,,
839.058474,C36H23O24-,,,,,,,
839.094859,C37H27O23-,,,,,,,
839.131245,C38H31O22-,,,,,,,
839.16763,C39H35O21-,,,,,,,
839.204015,C40H39O20-,,,,,,,
839.240401,C41H43O19-,,,,,,,
839.276786,C42H47O18-,,,,,,,
839.313172,C43H51O17-,,,,,,,
839.349557,C44H55O16-,,,,,,,
839.385943,C45H59O15-,,,,,,,
840.964968,C33H13O27-,,,,,,,
841.001353,C34H17O26-,,,,,,,
841.037738,C35H21O25-,,,,,,,
841.074124,C36H25O24-,,,,,,,
841.110509,C37H29O23-,,,,,,,
841.146895,C38H33O22-,,,,,,,
841.18328,C39H37O21-,,,,,,,
841.219666,C40H41O20-,,,,,,,
841.256051,C41H45O19-,,,,,,,
841.292436,C42H49O18-,,,,,,,
841.328822,C43H53O17-,,,,,,,
841.365207,C44H57O16-,,,,,,,
842.944232,C32H11O28-,,,,,,,
842.980618,C33H15O27-,,,,,,,
843.017003,C34H19O26-,,,,,,,
843.053388,C35H23O25-,,,,,,,
843.089774,C36H27O24-,,,,,,,
843.126159,C37H31O23-,,,,,,,
843.162545,C38H35O22-,,,,,,,
843.19893,C39H39O21-,,,,,,,
843.235315,C40H43O20-,,,,,,,
843.271701,C41H47O19-,,,,,,,
843.308086,C42H51O18-,,,,,,,
843.344472,C43H55O17-,,,,,,,
843.380857,C44H59O16-,,,,,,,
852.928582,C33H9O28-,,,,,,,
852.964968,C34H13O27-,,,,,,,
853.001353,C35H17O26-,,,,,,,
853.037738,C36H21O25-,,,,,,,
853.074124,C37H25O24-,,,,,,,
853.110509,C38H29O23-,,,,,,,
853.146895,C39H33O22-,,,,,,,
853.18328,C40H37O21-,,,,,,,
853.219666,C41H41O20-,,,,,,,
853.256051,C42H45O19-,,,,,,,
853.292436,C43H49O18-,,,,,,,
853.328822,C44H53O17-,,,,,,,
853.365207,C45H57O16-,,,,,,,
854.980618,C34H15O27-,,,,,,,
855.017003,C35H19O26-,,,,,,,
855.053388,C36H23O25-,,,,,,,
855.089774,C37H27O24-,,,,,,,
855.126159,C38H31O23-,,,,,,,
855.162545,C39H35O22-,,,,,,,
855.19893,C40H39O21-,,,,,,,
855.235315,C41H43O20-,,,,,,,
855.271701,C42H47O19-,,,,,,,
855.308086,C43H51O18-,,,,,,,
855.344472,C44H55O17-,,,,,,,
855.380857,C45H59O16-,,,,,,,
856.923497,C32H9O29-,,,,,,,
856.959882,C33H13O28-,,,,,,,
856.996268,C34H17O27-,,,,,,,
857.032653,C35H21O26-,,,,,,,
857.069039,C36H25O25-,,,,,,,
857.105424,C37H29O24-,,,,,,,
857.141809,C38H33O23-,,,,,,,
857.178195,C39H37O22-,,,,,,,
857.21458,C40H41O21-,,,,,,,
857.250966,C41H45O20-,,,,,,,
857.287351,C42H49O19-,,,,,,,
857.323736,C43H53O18-,,,,,,,
857.360122,C44H57O17-,,,,,,,
857.396507,C45H61O16-,,,,,,,
866.944232,C34H11O28-,,,,,,,
866.980618,C35H15O27-,,,,,,,
867.017003,C36H19O26-,,,,,,,
867.053388,C37H23O25-,,,,,,,
867.089774,C38H27O24-,,,,,,,
867.126159,C39H31O23-,,,,,,,
867.162545,C40H35O22-,,,,,,,
867.19893,C41H39O21-,,,,,,,
867.235315,C42H43O20-,,,,,,,
867.271701,C43H47O19-,,,,,,,
867.308086,C44H51O18-,,,,,,,
867.344472,C45H55O17-,,,,,,,
867.380857,C46H59O16-,,,,,,,
868.996268,C35H17O27-,,,,,,,
869.032653,C36H21O26-,,,,,,,
869.069039,C37H25O25-,,,,,,,
869.105424,C38H29O24-,,,,,,,
869.141809,C39H33O23-,,,,,,,
869.178195,C40H37O22-,,,,,,,
869.21458,C41H41O21-,,,,,,,
869.250966,C42H45O20-,,,,,,,
869.287351,C43H49O19-,,,,,,,
869.323736,C44H53O18-,,,,,,,
869.360122,C45H57O17-,,,,,,,
869.396507,C46H61O16-,,,,,,,
870.939147,C33H11O29-,,,,,,,
870.975532,C34H15O28-,,,,,,,
871.011918,C35H19O27-,,,,,,,
871.048303,C36H23O26-,,,,,,,
871.084689,C37H27O25-,,,,,,,
871.121074,C38H31O24-,,,,,,,
871.157459,C39H35O23-,,,,,,,
871.193845,C40H39O22-,,,,,,,
871.23023,C41H43O21-,,,,,,,
871.266615,C42H47O20-,,,,,,,
871.303001,C43H51O19-,,,,,,,
871.339386,C44H55O18-,,,,,,,
871.375772,C45H59O17-,,,,,,,
880.959882,C35H13O28-,,,,,,,
880.996268,C36H17O27-,,,,,,,
881.032653,C37H21O26-,,,,,,,
881.069039,C38H25O25-,,,,,,,
881.105424,C39H29O24-,,,,,,,
881.141809,C40H33O23-,,,,,,,
881.178195,C41H37O22-,,,,,,,
881.21458,C42H41O21-,,,,,,,
881.250966,C43H45O20-,,,,,,,
881.287351,C44H49O19-,,,,,,,
881.323736,C45H53O18-,,,,,,,
881.360122,C46H57O17-,,,,,,,
881.396507,C47H61O16-,,,,,,,
883.011918,C36H19O27-,,,,,,,
883.048303,C37H23O26-,,,,,,,
883.084689,C38H27O25-,,,,,,,
883.121074,C39H31O24-,,,,,,,
883.157459,C40H35O23-,,,,,,,
883.193845,C41H39O22-,,,,,,,
883.23023,C42H43O21-,,,,,,,
883.266615,C43H47O20-,,,,,,,
883.303001,C44H51O19-,,,,,,,
883.339386,C45H55O18-,,,,,,,
883.375772,C46H59O17-,,,,,,,
884.918412,C33H9O30-,,,,,,,
884.954797,C34H13O29-,,,,,,,
884.991182,C35H17O28-,,,,,,,
885.027568,C36H21O27-,,,,,,,
885.063953,C37H25O26-,,,,,,,
885.100339,C38H29O25-,,,,,,,
885.136724,C39H33O24-,,,,,,,
885.173109,C40H37O23-,,,,,,,
885.209495,C41H41O22-,,,,,,,
885.24588,C42H45O21-,,,,,,,
885.282265,C43H49O20-,,,,,,,
885.318651,C44H53O19-,,,,,,,
885.355036,C45H57O18-,,,,,,,
885.391422,C46H61O17-,,,,,,,
894.939147,C35H11O29-,,,,,,,
894.975532,C36H15O28-,,,,,,,
895.011918,C37H19O27-,,,,,,,
895.048303,C38H23O26-,,,,,,,
895.084689,C39H27O25-,,,,,,,
895.121074,C40H31O24-,,,,,,,
895.157459,C41H35O23-,,,,,,,
895.193845,C42H39O22-,,,,,,,
895.23023,C43H43O21-,,,,,,,
895.266615,C44H47O20-,,,,,,,
895.303001,C45H51O19-,,,,,,,
895.339386,C46H55O18-,,,,,,,
895.375772,C47H59O17-,,,,,,,
897.027568,C37H21O27-,,,,,,,
897.063953,C38H25O26-,,,,,,,
897.100339,C39H29O25-,,,,,,,
897.136724,C40H33O24-,,,,,,,
897.173109,C41H37O23-,,,,,,,
897.209495,C42H41O22-,,,,,,,
897.24588,C43H45O21-,,,,,,,
897.282265,C44H49O20-,,,,,,,
897.318651,C45H53O19-,,,,,,,
897.355036,C46H57O18-,,,,,,,
897.391422,C47H61O17-,,,,,,,
898.934062,C34H11O30-,,,,,,,
898.970447,C35H15O29-,,,,,,,
899.006832,C36H19O28-,,,,,,,
899.043218,C37H23O27-,,,,,,,
899.079603,C38H27O26-,,,,,,,
899.115988,C39H31O25-,,,,,,,
899.152374,C40H35O24-,,,,,,,
899.188759,C41H39O23-,,,,,,,
899.225145,C42H43O22-,,,,,,,
899.26153,C43H47O21-,,,,,,,
899.297915,C44H51O20-,,,,,,,
899.334301,C45H55O19-,,,,,,,
899.370686,C46H59O18-,,,,,,,
908.954797,C36H13O29-,,,,,,,
908.991182,C37H17O28-,,,,,,,
909.027568,C38H21O27-,,,,,,,
909.063953,C39H25O26-,,,,,,,
909.100339,C40H29O25-,,,,,,,
909.136724,C41H33O24-,,,,,,,
909.173109,C42H37O23-,,,,,,,
909.209495,C43H41O22-,,,,,,,
909.24588,C44H45O21-,,,,,,,
909.282265,C45H49O20-,,,,,,,
909.318651,C46H53O19-,,,,,,,
909.355036,C47H57O18-,,,,,,,
909.391422,C48H61O17-,,,,,,,
911.043218,C38H23O27-,,,,,,,
911.079603,C39H27O26-,,,,,,,
911.115988,C40H31O25-,,,,,,,
911.152374,C41H35O24-,,,,,,,
911.188759,C42H39O23-,,,,,,,
911.225145,C43H43O22-,,,,,,,
911.26153,C44H47O21-,,,,,,,
911.297915,C45H51O20-,,,,,,,
911.334301,C46H55O19-,,,,,,,
911.370686,C47H59O18-,,,,,,,
912.949712,C35H13O30-,,,,,,,
912.986097,C36H17O29-,,,,,,,
913.022482,C37H21O28-,,,,,,,
913.058868,C38H25O27-,,,,,,,
913.095253,C39H29O26-,,,,,,,
913.131639,C40H33O25-,,,,,,,
913.168024,C41H37O24-,,,,,,,
913.204409,C42H41O23-,,,,,,,
913.240795,C43H45O22-,,,,,,,
913.27718,C44H49O21-,,,,,,,
913.313565,C45H53O20-,,,,,,,
913.349951,C46H57O19-,,,,,,,
913.386336,C47H61O18-,,,,,,,
922.934062,C36H11O30-,,,,,,,
922.970447,C37H15O29-,,,,,,,
923.006832,C38H19O28-,,,,,,,
923.043218,C39H23O27-,,,,,,,
923.079603,C40H27O26-,,,,,,,
923.115988,C41H31O25-,,,,,,,
923.152374,C42H35O24-,,,,,,,
923.188759,C43H39O23-,,,,,,,
923.225145,C44H43O22-,,,,,,,
923.26153,C45H47O21-,,,,,,,
923.297915,C46H51O20-,,,,,,,
923.334301,C47H55O19-,,,,,,,
923.370686,C48H59O18-,,,,,,,
925.058868,C39H25O27-,,,,,,,
925.095253,C40H29O26-,,,,,,,
925.131639,C41H33O25-,,,,,,,
925.168024,C42H37O24-,,,,,,,
925.204409,C43H41O23-,,,,,,,
925.240795,C44H45O22-,,,,,,,
925.27718,C45H49O21-,,,,,,,
925.313565,C46H53O20-,,,,,,,
925.349951,C47H57O19-,,,,,,,
925.386336,C48H61O18-,,,,,,,
926.928976,C35H11O31-,,,,,,,
926.965361,C36H15O30-,,,,,,,
927.001747,C37H19O29-,,,,,,,
927.038132,C38H23O28-,,,,,,,
927.074518,C39H27O27-,,,,,,,
927.110903,C40H31O26-,,,,,,,
927.147289,C41H35O25-,,,,,,,
927.183674,C42H39O24-,,,,,,,
927.220059,C43H43O23-,,,,,,,
927.256445,C44H47O22-,,,,,,,
927.29283,C45H51O21-,,,,,,,
927.329216,C46H55O20-,,,,,,,
927.365601,C47H59O19-,,,,,,,
936.949712,C37H13O30-,,,,,,,
936.986097,C38H17O29-,,,,,,,
937.022482,C39H21O28-,,,,,,,
937.058868,C40H25O27-,,,,,,,
937.095253,C41H29O26-,,,,,,,
937.131639,C42H33O25-,,,,,,,
937.168024,C43H37O24-,,,,,,,
937.204409,C44H41O23-,,,,,,,
937.240795,C45H45O22-,,,,,,,
937.27718,C46H49O21-,,,,,,,
937.313565,C47H53O20-,,,,,,,
937.349951,C48H57O19-,,,,,,,
937.386336,C49H61O18-,,,,,,,
939.074518,C40H27O27-,,,,,,,
939.110903,C41H31O26-,,,,,,,
939.147289,C42H35O25-,,,,,,,
939.183674,C43H39O24-,,,,,,,
939.220059,C44H43O23-,,,,,,,
939.256445,C45H47O22-,,,,,,,
939.29283,C46H51O21-,,,,,,,
939.329216,C47H55O20-,,,,,,,
939.365601,C48H59O19-,,,,,,,
940.944626,C36H13O31-,,,,,,,
940.981012,C37H17O30-,,,,,,,
941.017397,C38H21O29-,,,,,,,
941.053782,C39H25O28-,,,,,,,
941.090168,C40H29O27-,,,,,,,
941.126553,C41H33O26-,,,,,,,
941.162939,C42H37O25-,,,,,,,
941.199324,C43H41O24-,,,,,,,
941.235709,C44H45O23-,,,,,,,
941.272095,C45H49O22-,,,,,,,
941.30848,C46H53O21-,,,,,,,
941.344865,C47H57O20-,,,,,,,
941.381251,C48H61O19-,,,,,,,
950.928976,C37H11O31-,,,,,,,
950.965361,C38H15O30-,,,,,,,
951.001747,C39H19O29-,,,,,,,
951.038132,C40H23O28-,,,,,,,
951.074518,C41H27O27-,,,,,,,
951.110903,C42H31O26-,,,,,,,
951.147289,C43H35O25-,,,,,,,
951.183674,C44H39O24-,,,,,,,
951.220059,C45H43O23-,,,,,,,
951.256445,C46H47O22-,,,,,,,
951.29283,C47H51O21-,,,,,,,
951.329216,C48H55O20-,,,,,,,
951.365601,C49H59O19-,,,,,,,
953.090168,C41H29O27-,,,,,,,
953.126553,C42H33O26-,,,,,,,
953.162939,C43H37O25-,,,,,,,
953.199324,C44H41O24-,,,,,,,
953.235709,C45H45O23-,,,,,,,
953.272095,C46H49O22-,,,,,,,
953.30848,C47H53O21-,,,,,,,
953.344865,C48H57O20-,,,,,,,
953.381251,C49H61O19-,,,,,,,
954.923891,C36H11O32-,,,,,,,
954.960276,C37H15O31-,,,,,,,
954.996662,C38H19O30-,,,,,,,
955.033047,C39H23O29-,,,,,,,
955.069432,C40H27O28-,,,,,,,
955.105818,C41H31O27-,,,,,,,
955.142203,C42H35O26-,,,,,,,
955.178588,C43H39O25-,,,,,,,
955.214974,C44H43O24-,,,,,,,
955.251359,C45H47O23-,,,,,,,
955.287745,C46H51O22-,,,,,,,
955.32413,C47H55O21-,,,,,,,
955.360516,C48H59O20-,,,,,,,
955.396901,C49H63O19-,,,,,,,
964.944626,C38H13O31-,,,,,,,
964.981012,C39H17O30-,,,,,,,
965.017397,C40H21O29-,,,,,,,
965.053782,C41H25O28-,,,,,,,
965.090168,C42H29O27-,,,,,,,
965.126553,C43H33O26-,,,,,,,
965.162939,C44H37O25-,,,,,,,
965.199324,C45H41O24-,,,,,,,
965.235709,C46H45O23-,,,,,,,
965.272095,C47H49O22-,,,,,,,
965.30848,C48H53O21-,,,,,,,
965.344865,C49H57O20-,,,,,,,
965.381251,C50H61O19-,,,,,,,
967.105818,C42H31O27-,,,,,,,
967.142203,C43H35O26-,,,,,,,
967.178588,C44H39O25-,,,,,,,
967.214974,C45H43O24-,,,,,,,
967.251359,C46H47O23-,,,,,,,
967.287745,C47H51O22-,,,,,,,
967.32413,C48H55O21-,,,,,,,
967.360516,C49H59O20-,,,,,,,
967.396901,C50H63O19-,,,,,,,
968.939541,C37H13O32-,,,,,,,
968.975926,C38H17O31-,,,,,,,
969.012312,C39H21O30-,,,,,,,
969.048697,C40H25O29-,,,,,,,
969.085082,C41H29O28-,,,,,,,
969.121468,C42H33O27-,,,,,,,
969.157853,C43H37O26-,,,,,,,
969.194238,C44H41O25-,,,,,,,
969.230624,C45H45O24-,,,,,,,
969.267009,C46H49O23-,,,,,,,
969.303395,C47H53O22-,,,,,,,
969.33978,C48H57O21-,,,,,,,
969.376165,C49H61O20-,,,,,,,
978.923891,C38H11O32-,,,,,,,
978.960276,C39H15O31-,,,,,,,
978.996662,C40H19O30-,,,,,,,
979.033047,C41H23O29-,,,,,,,
979.069432,C42H27O28-,,,,,,,
979.105818,C43H31O27-,,,,,,,
979.142203,C44H35O26-,,,,,,,
979.178588,C45H39O25-,,,,,,,
979.214974,C46H43O24-,,,,,,,
979.251359,C47H47O23-,,,,,,,
979.287745,C48H51O22-,,,,,,,
979.32413,C49H55O21-,,,,,,,
979.360516,C50H59O20-,,,,,,,
981.121468,C43H33O27-,,,,,,,
981.157853,C44H37O26-,,,,,,,
981.194238,C45H41O25-,,,,,,,
981.230624,C46H45O24-,,,,,,,
981.267009,C47H49O23-,,,,,,,
981.303395,C48H53O22-,,,,,,,
981.33978,C49H57O21-,,,,,,,
981.376165,C50H61O20-,,,,,,,
982.918805,C37H11O33-,,,,,,,
982.955191,C38H15O32-,,,,,,,
982.991576,C39H19O31-,,,,,,,
983.027961,C40H23O30-,,,,,,,
983.064347,C41H27O29-,,,,,,,
983.100732,C42H31O28-,,,,,,,
983.137118,C43H35O27-,,,,,,,
983.173503,C44H39O26-,,,,,,,
983.209889,C45H43O25-,,,,,,,
983.246274,C46H47O24-,,,,,,,
983.282659,C47H51O23-,,,,,,,
983.319045,C48H55O22-,,,,,,,
983.35543,C49H59O21-,,,,,,,
983.391816,C50H63O20-,,,,,,,
992.939541,C39H13O32-,,,,,,,
992.975926,C40H17O31-,,,,,,,
993.012312,C41H21O30-,,,,,,,
993.048697,C42H25O29-,,,,,,,
993.085082,C43H29O28-,,,,,,,
993.121468,C44H33O27-,,,,,,,
993.157853,C45H37O26-,,,,,,,
993.194238,C46H41O25-,,,,,,,
993.230624,C47H45O24-,,,,,,,
993.267009,C48H49O23-,,,,,,,
993.303395,C49H53O22-,,,,,,,
993.33978,C50H57O21-,,,,,,,
995.137118,C44H35O27-,,,,,,,
995.173503,C45H39O26-,,,,,,,
995.209889,C46H43O25-,,,,,,,
995.246274,C47H47O24-,,,,,,,
995.282659,C48H51O23-,,,,,,,
995.319045,C49H55O22-,,,,,,,
995.35543,C50H59O21-,,,,,,,
996.934455,C38H13O33-,,,,,,,
996.970841,C39H17O32-,,,,,,,
997.007226,C40H21O31-,,,,,,,
997.043611,C41H25O30-,,,,,,,
997.079997,C42H29O29-,,,,,,,
997.116382,C43H33O28-,,,,,,,
997.152768,C44H37O27-,,,,,,,
997.189153,C45H41O26-,,,,,,,
997.225539,C46H45O25-,,,,,,,
997.261924,C47H49O24-,,,,,,,
997.298309,C48H53O23-,,,,,,,
997.334695,C49H57O22-,,,,,,,
997.37108,C50H61O21-,,,,,,,
